时间/s,半径/cm
0.0,2.0
60.0,1.9949873268608416
120.0,1.990016802588997
180.0,1.9850896699029126
240.0,1.9802071715210356
300.0,1.9753705501618122
360.0,1.9705810485436892
420.0,1.965839909385113
480.0,1.9611483754045307
540.0,1.9565076893203883
600.0,1.9519190938511326
660.0,1.9473838317152103
720.0,1.942903145631068
780.0,1.9384782783171524
840.0,1.9341104724919096
900.0,1.9298009708737864
960.0,1.9255510161812297
1020.0,1.9213618511326862
1080.0,1.9172347184466019
1140.0,1.913170860841424
1200.0,1.9091715210355988
1260.0,1.9052379417475729
1320.0,1.9013713656957927
1380.0,1.8975730355987053
1440.0,1.8938441941747572
1500.0,1.8901860841423948
1560.0,1.8865999482200648
1620.0,1.8830870291262136
1680.0,1.879648569579288
1740.0,1.8762858122977348
1800.0,1.873
1860.0,1.86979928835586
1920.0,1.8666874513357448
1980.0,1.8636591591090805
2040.0,1.8607090818452945
2100.0,1.8578318897138144
2160.0,1.855022252884066
2220.0,1.8522748415254773
2280.0,1.8495843258074753
2340.0,1.846945375899486
2400.0,1.8443526619709376
2460.0,1.841800854191256
2520.0,1.8392846227298687
2580.0,1.836798637756203
2640.0,1.834337569439685
2700.0,1.8318960879497432
2760.0,1.8294688634558034
2820.0,1.8270505661272922
2880.0,1.824635866133638
2940.0,1.822219433644267
3000.0,1.819795938828606
3060.0,1.8173600518560824
3120.0,1.814906442896123
3180.0,1.8124297821181548
3240.0,1.8099247396916052
3300.0,1.8073859857859
3360.0,1.8048081905704676
3420.0,1.8021860242147347
3480.0,1.7995141568881274
3540.0,1.7967872587600737
3600.0,1.794
3660.0,1.7911592291938998
3720.0,1.7882773368191724
3780.0,1.785357305882353
3840.0,1.7824021193899784
3900.0,1.7794147603485841
3960.0,1.7763982117647064
4020.0,1.77335545664488
4080.0,1.7702894779956426
4140.0,1.7672032588235294
4200.0,1.7640997821350763
4260.0,1.7609820309368192
4320.0,1.757852988235294
4380.0,1.7547156370370371
4440.0,1.751572960348584
4500.0,1.7484279411764707
4560.0,1.7452835625272334
4620.0,1.7421428074074077
4680.0,1.7390086588235296
4740.0,1.735884099782135
4800.0,1.7327721132897604
4860.0,1.7296756823529407
4920.0,1.7265977899782132
4980.0,1.7235414191721132
5040.0,1.7205095529411765
5100.0,1.717505174291939
5160.0,1.7145312662309369
5220.0,1.711590811764706
5280.0,1.7086867938997823
5340.0,1.7058221956427015
5400.0,1.703
5460.0,1.7001822456140352
5520.0,1.697332350877193
5580.0,1.6944553684210526
5640.0,1.691556350877193
5700.0,1.6886403508771928
5760.0,1.6857124210526313
5820.0,1.6827776140350876
5880.0,1.6798409824561404
5940.0,1.6769075789473686
6000.0,1.6739824561403507
6060.0,1.6710706666666668
6120.0,1.6681772631578946
6180.0,1.6653072982456143
6240.0,1.6624658245614032
6300.0,1.6596578947368423
6360.0,1.6568885614035085
6420.0,1.6541628771929824
6480.0,1.651485894736842
6540.0,1.6488626666666666
6600.0,1.646298245614035
6660.0,1.643797684210526
6720.0,1.6413660350877195
6780.0,1.639008350877193
6840.0,1.6367296842105268
6900.0,1.6345350877192983
6960.0,1.6324296140350878
7020.0,1.6304183157894738
7080.0,1.6285062456140351
7140.0,1.6266984561403508
7200.0,1.625
7260.0,1.623387406873348
7320.0,1.6218318000480656
7380.0,1.6203301225666908
7440.0,1.618879317471762
7500.0,1.6174763278058162
7560.0,1.616118096611392
7620.0,1.6148015669310265
7680.0,1.613523681807258
7740.0,1.6122813842826247
7800.0,1.611071617399664
7860.0,1.6098913242009132
7920.0,1.6087374477289114
7980.0,1.6076069310261958
8040.0,1.6064967171353042
8100.0,1.6054037490987745
8160.0,1.6043249699591442
8220.0,1.6032573227589522
8280.0,1.6021977505407354
8340.0,1.601143196347032
8400.0,1.60009060322038
8460.0,1.5990369142033163
8520.0,1.5979790723383802
8580.0,1.5969140206681085
8640.0,1.59583870223504
8700.0,1.5947500600817115
8760.0,1.5936450372506614
8820.0,1.5925205767844273
8880.0,1.5913736217255467
8940.0,1.5902011151165587
9000.0,1.5890000000000002
9060.0,1.5877849693209773
9120.0,1.5865724821558163
9180.0,1.5853621307438874
9240.0,1.5841535073245607
9300.0,1.5829462041372044
9360.0,1.5817398134211895
9420.0,1.580533927415885
9480.0,1.57932813836066
9540.0,1.5781220384948846
9600.0,1.5769152200579288
9660.0,1.5757072752891614
9720.0,1.574497796427952
9780.0,1.573286375713671
9840.0,1.5720726053856875
9900.0,1.570856077683371
9960.0,1.569636384846091
10020.0,1.5684131191132176
10080.0,1.5671858727241201
10140.0,1.5659542379181677
10200.0,1.5647178069347307
10260.0,1.563476172013179
10320.0,1.5622289253928807
10380.0,1.5609756593132063
10440.0,1.5597159660135254
10500.0,1.5584494377332074
10560.0,1.5571756667116223
10620.0,1.5558942451881395
10680.0,1.5546047654021284
10740.0,1.553306819592959
10800.0,1.552
10860.0,1.5506773855414908
10920.0,1.5493334674542898
10980.0,1.5479699564556963
11040.0,1.5465885632630099
11100.0,1.5451909985935304
11160.0,1.543778973164557
11220.0,1.5423541976933897
11280.0,1.5409183828973276
11340.0,1.539473239493671
11400.0,1.5380204781997189
11460.0,1.536561809732771
11520.0,1.5350989448101267
11580.0,1.533633594149086
11640.0,1.5321674684669482
11700.0,1.530702278481013
11760.0,1.5292397349085796
11820.0,1.527781548466948
11880.0,1.5263294298734176
11940.0,1.5248850898452884
12000.0,1.5234502390998594
12060.0,1.5220265883544304
12120.0,1.520615848326301
12180.0,1.5192197297327708
12240.0,1.5178399432911391
12300.0,1.5164781997187062
12360.0,1.5151362097327707
12420.0,1.513815684050633
12480.0,1.5125183333895922
12540.0,1.5112458684669479
12600.0,1.51
12660.0,1.5087749655026457
12720.0,1.5075635081481482
12780.0,1.5063650971428573
12840.0,1.5051792016931216
12900.0,1.5040052910052912
12960.0,1.5028428342857143
13020.0,1.5016913007407409
13080.0,1.5005501595767197
13140.0,1.4994188800000001
13200.0,1.4982969312169312
13260.0,1.4971837824338623
13320.0,1.4960789028571428
13380.0,1.4949817616931218
13440.0,1.4938918281481481
13500.0,1.4928085714285715
13560.0,1.4917314607407408
13620.0,1.4906599652910053
13680.0,1.4895935542857144
13740.0,1.4885316969312168
13800.0,1.4874738624338624
13860.0,1.48641952
13920.0,1.485368138835979
13980.0,1.4843191881481481
14040.0,1.4832721371428572
14100.0,1.482226455026455
14160.0,1.4811816110052909
14220.0,1.4801370742857143
14280.0,1.4790923140740742
14340.0,1.4780467995767197
14400.0,1.477
14460.0,1.4759512468803033
14520.0,1.474900600978337
14580.0,1.4738486253369272
14640.0,1.4727958829989019
14700.0,1.4717429370070878
14760.0,1.470690350404313
14820.0,1.4696386862334032
14880.0,1.4685885075371867
14940.0,1.4675403773584905
15000.0,1.466494858740142
15060.0,1.4654525147249675
15120.0,1.464413908355795
15180.0,1.4633796026754518
15240.0,1.4623501607267646
15300.0,1.4613261455525606
15360.0,1.4603081201956671
15420.0,1.459296647698912
15480.0,1.4582922911051213
15540.0,1.4572956134571227
15600.0,1.4563071777977439
15660.0,1.4553275471698113
15720.0,1.4543572846161525
15780.0,1.4533969531795947
15840.0,1.452447115902965
15900.0,1.4515083358290906
15960.0,1.4505811760007985
16020.0,1.4496661994609163
16080.0,1.4487639692522714
16140.0,1.44787504841769
16200.0,1.447
16260.0,1.4461406897833682
16320.0,1.4452978855625438
16380.0,1.4444705033962264
16440.0,1.4436574593431168
16500.0,1.4428576694619146
16560.0,1.4420700498113206
16620.0,1.441293516450035
16680.0,1.4405269854367575
16740.0,1.4397693728301888
16800.0,1.4390195946890287
16860.0,1.4382765670719775
16920.0,1.4375392060377359
16980.0,1.4368064276450034
17040.0,1.4360771479524808
17100.0,1.4353502830188678
17160.0,1.434624748902865
17220.0,1.4338994616631726
17280.0,1.4331733373584907
17340.0,1.4324452920475192
17400.0,1.431714241788959
17460.0,1.4309791026415095
17520.0,1.4302387906638716
17580.0,1.4294922219147448
17640.0,1.4287383124528301
17700.0,1.4279759783368273
17760.0,1.4272041356254368
17820.0,1.4264217003773585
17880.0,1.4256275886512928
17940.0,1.4248207165059399
18000.0,1.424
18060.0,1.42316496
18120.0,1.4223164799999999
18180.0,1.4214555199999999
18240.0,1.42058304
18300.0,1.4197
18360.0,1.41880736
18420.0,1.41790608
18480.0,1.41699712
18540.0,1.4160814400000001
18600.0,1.4151599999999998
18660.0,1.41423376
18720.0,1.4133036799999998
18780.0,1.4123707199999997
18840.0,1.4114358399999998
18900.0,1.4104999999999999
18960.0,1.40956416
19020.0,1.40862928
19080.0,1.4076963200000001
19140.0,1.40676624
19200.0,1.40584
19260.0,1.40491856
19320.0,1.40400288
19380.0,1.40309392
19440.0,1.40219264
19500.0,1.4013
19560.0,1.40041696
19620.0,1.3995444799999999
19680.0,1.3986835199999998
19740.0,1.3978350400000001
19800.0,1.397
19860.0,1.3961730080939476
19920.0,1.3953481753206864
19980.0,1.394525716097561
20040.0,1.393705844841915
20100.0,1.3928887759710928
20160.0,1.392074723902439
20220.0,1.3912639030532972
20280.0,1.3904565278410117
20340.0,1.3896528126829268
20400.0,1.3888529719963867
20460.0,1.3880572201987353
20520.0,1.3872657717073171
20580.0,1.3864788409394762
20640.0,1.3856966423125565
20700.0,1.3849193902439023
20760.0,1.3841472991508583
20820.0,1.383380583450768
20880.0,1.3826194575609756
20940.0,1.3818641358988257
21000.0,1.3811148328816623
21060.0,1.3803717629268293
21120.0,1.3796351404516711
21180.0,1.3789051798735321
21240.0,1.3781820956097561
21300.0,1.3774661020776875
21360.0,1.3767574136946703
21420.0,1.376056244878049
21480.0,1.3753628100451674
21540.0,1.3746773236133694
21600.0,1.374
21660.0,1.3733321485387826
21720.0,1.3726745383432213
21780.0,1.3720265735003296
21840.0,1.3713876580971216
21900.0,1.370757196220611
21960.0,1.3701345919578114
22020.0,1.369519249395737
22080.0,1.368910572621402
22140.0,1.3683079657218196
22200.0,1.3677108327840035
22260.0,1.3671185778949682
22320.0,1.3665306051417274
22380.0,1.3659463186112941
22440.0,1.3653651223906835
22500.0,1.3647864205669082
22560.0,1.3642096172269833
22620.0,1.3636341164579213
22680.0,1.363059322346737
22740.0,1.362484638980444
22800.0,1.361909470446056
22860.0,1.3613332208305868
22920.0,1.3607552942210503
22980.0,1.3601750947044606
23040.0,1.3595920263678312
23100.0,1.3590054932981763
23160.0,1.3584148995825096
23220.0,1.3578196493078445
23280.0,1.3572191465611954
23340.0,1.356612795429576
23400.0,1.356
23460.0,1.3553809124553124
23520.0,1.3547563995995997
23580.0,1.3541269374517375
23640.0,1.3534930020306022
23700.0,1.3528550693550694
23760.0,1.3522136154440156
23820.0,1.3515691163163166
23880.0,1.350922047990848
23940.0,1.3502728864864866
24000.0,1.3496221078221078
24060.0,1.348970188016588
24120.0,1.3483176030888033
24180.0,1.3476648290576292
24240.0,1.347012341941942
24300.0,1.346360617760618
24360.0,1.3457101325325325
24420.0,1.3450613622765624
24480.0,1.344414783011583
24540.0,1.343770870756471
24600.0,1.3431301015301016
24660.0,1.3424929513513513
24720.0,1.3418598962390962
24780.0,1.3412314122122122
24840.0,1.3406079752895752
24900.0,1.3399900614900615
24960.0,1.339378146832547
25020.0,1.3387727073359073
25080.0,1.3381742190190191
25140.0,1.337583157900758
25200.0,1.337
25260.0,1.3364199833943835
25320.0,1.3358383726495728
25380.0,1.3352556835164835
25440.0,1.3346724317460317
25500.0,1.3340891330891331
25560.0,1.3335063032967034
25620.0,1.332924458119658
25680.0,1.3323441133089131
25740.0,1.3317657846153845
25800.0,1.3311899877899878
25860.0,1.3306172385836386
25920.0,1.3300480527472525
25980.0,1.3294829460317459
26040.0,1.3289224341880341
26100.0,1.3283670329670327
26160.0,1.327817258119658
26220.0,1.3272736253968254
26280.0,1.3267366505494504
26340.0,1.3262068493284491
26400.0,1.3256847374847371
26460.0,1.3251708307692307
26520.0,1.3246656449328449
26580.0,1.3241696957264957
26640.0,1.3236834989010988
26700.0,1.3232075702075703
26760.0,1.3227424253968254
26820.0,1.3222885802197801
26880.0,1.3218465504273504
26940.0,1.3214168517704517
27000.0,1.321
27060.0,1.3205957627557627
27120.0,1.3202030872830872
27180.0,1.3198212587412588
27240.0,1.3194495622895623
27300.0,1.319087283087283
27360.0,1.3187337062937061
27420.0,1.318388117068117
27480.0,1.3180498005698005
27540.0,1.3177180419580419
27600.0,1.3173921263921264
27660.0,1.317071339031339
27720.0,1.3167549650349653
27780.0,1.3164422895622898
27840.0,1.3161325977725977
27900.0,1.3158251748251748
27960.0,1.3155193058793058
28020.0,1.315214276094276
28080.0,1.3149093706293706
28140.0,1.3146038746438746
28200.0,1.3142970732970733
28260.0,1.3139882517482517
28320.0,1.3136766951566952
28380.0,1.3133616886816886
28440.0,1.3130425174825175
28500.0,1.3127184667184666
28560.0,1.3123888215488215
28620.0,1.3120528671328673
28680.0,1.3117098886298888
28740.0,1.3113591711991712
28800.0,1.311
28860.0,1.310631402020202
28920.0,1.3102533979797981
28980.0,1.3098667636363637
29040.0,1.3094722747474747
29100.0,1.3090707070707073
29160.0,1.3086628363636363
29220.0,1.3082494383838386
29280.0,1.307831288888889
29340.0,1.3074091636363634
29400.0,1.3069838383838384
29460.0,1.306556088888889
29520.0,1.306126690909091
29580.0,1.3056964202020203
29640.0,1.3052660525252524
29700.0,1.3048363636363636
29760.0,1.3044081292929293
29820.0,1.3039821252525252
29880.0,1.3035591272727272
29940.0,1.303139911111111
30000.0,1.3027252525252524
30060.0,1.3023159272727272
30120.0,1.301912711111111
30180.0,1.3015163797979796
30240.0,1.301127709090909
30300.0,1.3007474747474748
30360.0,1.3003764525252526
30420.0,1.300015418181818
30480.0,1.2996651474747476
30540.0,1.299326416161616
30600.0,1.299
30660.0,1.2986844510288067
30720.0,1.2983774353909465
30780.0,1.2980783999999999
30840.0,1.2977867917695474
30900.0,1.2975020576131686
30960.0,1.2972236444444445
31020.0,1.2969509991769546
31080.0,1.29668356872428
31140.0,1.2964208
31200.0,1.2961621399176952
31260.0,1.2959070353909463
31320.0,1.2956549333333331
31380.0,1.2954052806584364
31440.0,1.2951575242798354
31500.0,1.2949111111111111
31560.0,1.2946654880658435
31620.0,1.2944201020576132
31680.0,1.2941744
31740.0,1.2939278288065843
31800.0,1.2936798353909464
31860.0,1.2934298666666666
31920.0,1.293177369547325
31980.0,1.292921790946502
32040.0,1.2926625777777778
32100.0,1.2923991769547325
32160.0,1.2921310353909465
32220.0,1.2918576000000002
32280.0,1.2915783176954732
32340.0,1.2912926353909466
32400.0,1.291
32460.0,1.2907000823045267
32520.0,1.2903932510288065
32580.0,1.2900800000000001
32640.0,1.2897608230452675
32700.0,1.2894362139917694
32760.0,1.2891066666666666
32820.0,1.288772674897119
32880.0,1.2884347325102878
32940.0,1.2880933333333333
33000.0,1.2877489711934156
33060.0,1.2874021399176954
33120.0,1.2870533333333334
33180.0,1.2867030452674895
33240.0,1.2863517695473252
33300.0,1.286
33360.0,1.2856482304526748
33420.0,1.2852969547325102
33480.0,1.2849466666666667
33540.0,1.2845978600823045
33600.0,1.2842510288065843
33660.0,1.2839066666666665
33720.0,1.2835652674897118
33780.0,1.2832273251028805
33840.0,1.282893333333333
33900.0,1.2825637860082304
33960.0,1.2822391769547323
34020.0,1.28192
34080.0,1.281606748971193
34140.0,1.2812999176954731
34200.0,1.281
34260.0,1.2807050732510286
34320.0,1.2804128329218105
34380.0,1.2801232
34440.0,1.279836095473251
34500.0,1.2795514403292179
34560.0,1.2792691555555555
34620.0,1.2789891621399174
34680.0,1.2787113810699584
34740.0,1.2784357333333334
34800.0,1.2781621399176955
34860.0,1.2778905218106995
34920.0,1.2776208
34980.0,1.2773528954732507
35040.0,1.2770867292181067
35100.0,1.2768222222222223
35160.0,1.276559295473251
35220.0,1.2762978699588474
35280.0,1.2760378666666663
35340.0,1.2757792065843618
35400.0,1.2755218106995885
35460.0,1.2752656
35520.0,1.2750104954732508
35580.0,1.2747564181069957
35640.0,1.2745032888888885
35700.0,1.274251028806584
35760.0,1.2739995588477364
35820.0,1.2737488
35880.0,1.2734986732510287
35940.0,1.2732490995884773
36000.0,1.273
36060.0,1.272751552516619
36120.0,1.2725039984805315
36180.0,1.2722573538461537
36240.0,1.2720116345679011
36300.0,1.2717668566001898
36360.0,1.2715230358974359
36420.0,1.271280188414055
36480.0,1.2710383301044632
36540.0,1.2707974769230768
36600.0,1.2705576448243112
36660.0,1.2703188497625828
36720.0,1.2700811076923075
36780.0,1.2698444345679012
36840.0,1.2696088463437796
36900.0,1.2693743589743587
36960.0,1.269140988414055
37020.0,1.2689087506172838
37080.0,1.2686776615384616
37140.0,1.2684477371320038
37200.0,1.2682189933523265
37260.0,1.2679914461538462
37320.0,1.267765111490978
37380.0,1.2675400053181385
37440.0,1.2673161435897438
37500.0,1.2670935422602088
37560.0,1.2668722172839506
37620.0,1.2666521846153844
37680.0,1.2664334602089269
37740.0,1.2662160600189933
37800.0,1.266
37860.0,1.2657861196581197
37920.0,1.2655751111111109
37980.0,1.2653667692307693
38040.0,1.2651608888888888
38100.0,1.264957264957265
38160.0,1.2647556923076924
38220.0,1.2645559658119656
38280.0,1.2643578803418802
38340.0,1.2641612307692307
38400.0,1.263965811965812
38460.0,1.2637714188034186
38520.0,1.263577846153846
38580.0,1.2633848888888888
38640.0,1.263192341880342
38700.0,1.263
38760.0,1.2628076581196581
38820.0,1.262615111111111
38880.0,1.262422153846154
38940.0,1.2622285811965812
39000.0,1.262034188034188
39060.0,1.2618387692307693
39120.0,1.2616421196581196
39180.0,1.2614440341880342
39240.0,1.2612443076923077
39300.0,1.2610427350427351
39360.0,1.2608391111111112
39420.0,1.260633230769231
39480.0,1.260424888888889
39540.0,1.2602138803418805
39600.0,1.26
39660.0,1.259782185660019
39720.0,1.259559764482431
39780.0,1.2593331153846155
39840.0,1.2591026172839506
39900.0,1.2588686490978158
39960.0,1.2586315897435898
40020.0,1.2583918181386515
40080.0,1.2581497132003798
40140.0,1.257905653846154
40200.0,1.2576600189933522
40260.0,1.2574131875593542
40320.0,1.2571655384615383
40380.0,1.256917450617284
40440.0,1.2566693029439695
40500.0,1.2564214743589743
40560.0,1.256174343779677
40620.0,1.2559282901234567
40680.0,1.2556836923076922
40740.0,1.2554409292497624
40800.0,1.2552003798670466
40860.0,1.254962423076923
40920.0,1.254727437796771
40980.0,1.2544958029439695
41040.0,1.2542678974358974
41100.0,1.2540441001899334
41160.0,1.2538247901234567
41220.0,1.253610346153846
41280.0,1.2534011471984805
41340.0,1.2531975721747386
41400.0,1.253
41460.0,1.2528067798353908
41520.0,1.2526159670781893
41580.0,1.2524274999999998
41640.0,1.2522413168724278
41700.0,1.2520573559670782
41760.0,1.2518755555555556
41820.0,1.251695853909465
41880.0,1.2515181893004115
41940.0,1.2513424999999998
42000.0,1.251168724279835
42060.0,1.2509968004115226
42120.0,1.2508266666666665
42180.0,1.2506582613168722
42240.0,1.250491522633745
42300.0,1.250326388888889
42360.0,1.2501627983539094
42420.0,1.2500006893004114
42480.0,1.24984
42540.0,1.24968066872428
42600.0,1.249522633744856
42660.0,1.2493658333333333
42720.0,1.249210205761317
42780.0,1.2490556893004114
42840.0,1.2489022222222221
42900.0,1.248749742798354
42960.0,1.2485981893004114
43020.0,1.2484475
43080.0,1.2482976131687245
43140.0,1.2481484670781893
43200.0,1.248
43260.0,1.2478528230452675
43320.0,1.2477075226337448
43380.0,1.247564
43440.0,1.2474221563786008
43500.0,1.2472818930041152
43560.0,1.247143111111111
43620.0,1.2470057119341562
43680.0,1.246869596707819
43740.0,1.2467346666666668
43800.0,1.2466008230452674
43860.0,1.2464679670781895
43920.0,1.2463359999999999
43980.0,1.2462048230452676
44040.0,1.2460743374485597
44100.0,1.2459444444444445
44160.0,1.2458150452674897
44220.0,1.2456860411522634
44280.0,1.2455573333333334
44340.0,1.2454288230452673
44400.0,1.2453004115226338
44460.0,1.2451720000000002
44520.0,1.245043489711934
44580.0,1.244914781893004
44640.0,1.2447857777777775
44700.0,1.2446563786008231
44760.0,1.2445264855967078
44820.0,1.2443959999999998
44880.0,1.2442648230452675
44940.0,1.2441328559670781
45000.0,1.244
45060.0,1.2438666666666665
45120.0,1.2437333333333334
45180.0,1.2435999999999998
45240.0,1.2434666666666667
45300.0,1.2433333333333332
45360.0,1.2432
45420.0,1.2430666666666665
45480.0,1.2429333333333332
45540.0,1.2428
45600.0,1.2426666666666666
45660.0,1.2425333333333333
45720.0,1.2424
45780.0,1.2422666666666666
45840.0,1.2421333333333333
45900.0,1.242
45960.0,1.2418666666666667
46020.0,1.2417333333333331
46080.0,1.2416
46140.0,1.2414666666666665
46200.0,1.2413333333333334
46260.0,1.2411999999999999
46320.0,1.2410666666666668
46380.0,1.2409333333333332
46440.0,1.2408
46500.0,1.2406666666666666
46560.0,1.2405333333333333
46620.0,1.2404
46680.0,1.2402666666666666
46740.0,1.2401333333333333
46800.0,1.24
46860.0,1.2398660529100527
46920.0,1.239730962962963
46980.0,1.2395948571428572
47040.0,1.2394578624338626
47100.0,1.2393201058201055
47160.0,1.2391817142857144
47220.0,1.239042814814815
47280.0,1.2389035343915342
47340.0,1.238764
47400.0,1.2386243386243385
47460.0,1.2384846772486773
47520.0,1.2383451428571428
47580.0,1.2382058624338625
47640.0,1.238066962962963
47700.0,1.2379285714285713
47760.0,1.237790814814815
47820.0,1.2376538201058198
47880.0,1.2375177142857143
47940.0,1.2373826243386243
48000.0,1.2372486772486773
48060.0,1.2371159999999999
48120.0,1.2369847195767196
48180.0,1.2368549629629628
48240.0,1.236726857142857
48300.0,1.236600529100529
48360.0,1.2364761058201057
48420.0,1.2363537142857142
48480.0,1.2362334814814815
48540.0,1.2361155343915344
48600.0,1.236
48660.0,1.235887111111111
48720.0,1.2357768888888887
48780.0,1.2356691428571427
48840.0,1.2355636825396825
48900.0,1.2354603174603174
48960.0,1.2353588571428569
49020.0,1.235259111111111
49080.0,1.2351608888888888
49140.0,1.235064
49200.0,1.2349682539682538
49260.0,1.2348734603174605
49320.0,1.2347794285714286
49380.0,1.2346859682539684
49440.0,1.2345928888888889
49500.0,1.2345
49560.0,1.2344071111111112
49620.0,1.2343140317460317
49680.0,1.2342205714285714
49740.0,1.2341265396825398
49800.0,1.234031746031746
49860.0,1.2339360000000001
49920.0,1.233839111111111
49980.0,1.233740888888889
50040.0,1.2336411428571428
50100.0,1.2335396825396825
50160.0,1.2334363174603176
50220.0,1.2333308571428574
50280.0,1.2332231111111112
50340.0,1.233112888888889
50400.0,1.233
50460.0,1.232883851851852
50520.0,1.2327641481481482
50580.0,1.2326411428571429
50640.0,1.23251508994709
50700.0,1.2323862433862434
50760.0,1.232254857142857
50820.0,1.2321211851851854
50880.0,1.2319854814814817
50940.0,1.231848
51000.0,1.2317089947089948
51060.0,1.2315687195767198
51120.0,1.2314274285714288
51180.0,1.2312853756613755
51240.0,1.2311428148148147
51300.0,1.231
51360.0,1.2308571851851853
51420.0,1.2307146243386242
51480.0,1.2305725714285713
51540.0,1.2304312804232804
51600.0,1.2302910052910054
51660.0,1.2301520000000001
51720.0,1.2300145185185185
51780.0,1.229878814814815
51840.0,1.2297451428571429
51900.0,1.2296137566137566
51960.0,1.22948491005291
52020.0,1.2293588571428573
52080.0,1.229235851851852
52140.0,1.2291161481481483
52200.0,1.229
52260.0,1.2288866507936507
52320.0,1.2287751111111112
52380.0,1.228665285714286
52440.0,1.2285570793650793
52500.0,1.2284503968253968
52560.0,1.228345142857143
52620.0,1.2282412222222225
52680.0,1.2281385396825397
52740.0,1.228037
52800.0,1.2279365079365079
52860.0,1.2278369682539683
52920.0,1.2277382857142858
52980.0,1.2276403650793652
53040.0,1.2275431111111113
53100.0,1.2274464285714286
53160.0,1.2273502222222223
53220.0,1.2272543968253968
53280.0,1.227158857142857
53340.0,1.227063507936508
53400.0,1.226968253968254
53460.0,1.226873
53520.0,1.2267776507936508
53580.0,1.226682111111111
53640.0,1.2265862857142855
53700.0,1.2264900793650795
53760.0,1.226393396825397
53820.0,1.2262961428571428
53880.0,1.2261982222222223
53940.0,1.2260995396825398
54000.0,1.226
54060.0,1.2258993555555555
54120.0,1.225797511111111
54180.0,1.2256946000000002
54240.0,1.2255907555555556
54300.0,1.225486111111111
54360.0,1.2253808
54420.0,1.2252749555555555
54480.0,1.2251687111111111
54540.0,1.2250622
54600.0,1.2249555555555558
54660.0,1.224848911111111
54720.0,1.2247424
54780.0,1.2246361555555556
54840.0,1.2245303111111112
54900.0,1.224425
54960.0,1.2243203555555555
55020.0,1.2242165111111112
55080.0,1.2241136
55140.0,1.2240117555555556
55200.0,1.2239111111111114
55260.0,1.2238118
55320.0,1.2237139555555558
55380.0,1.223617711111111
55440.0,1.2235232
55500.0,1.2234305555555558
55560.0,1.2233399111111112
55620.0,1.2232514
55680.0,1.2231651555555556
55740.0,1.2230813111111114
55800.0,1.223
55860.0,1.2229208740740742
55920.0,1.2228434370370374
55980.0,1.2227676
56040.0,1.2226932740740741
56100.0,1.2226203703703704
56160.0,1.2225488000000002
56220.0,1.2224784740740742
56280.0,1.2224093037037038
56340.0,1.2223412
56400.0,1.2222740740740743
56460.0,1.2222078370370373
56520.0,1.2221424
56580.0,1.222077674074074
56640.0,1.2220135703703707
56700.0,1.22195
56760.0,1.221886874074074
56820.0,1.2218241037037036
56880.0,1.2217616
56940.0,1.221699274074074
57000.0,1.2216370370370373
57060.0,1.2215748
57120.0,1.2215124740740742
57180.0,1.2214499703703703
57240.0,1.2213872000000001
57300.0,1.221324074074074
57360.0,1.2212605037037039
57420.0,1.2211964
57480.0,1.221131674074074
57540.0,1.2210662370370369
57600.0,1.221
57660.0,1.2209326172839505
57720.0,1.220863901234568
57780.0,1.2207940000000002
57840.0,1.220723061728395
57900.0,1.2206512345679015
57960.0,1.2205786666666667
58020.0,1.2205055061728394
58080.0,1.220431901234568
58140.0,1.220358
58200.0,1.220283950617284
58260.0,1.2202099012345682
58320.0,1.220136
58380.0,1.2200623950617284
58440.0,1.2199892345679013
58500.0,1.219916666666667
58560.0,1.2198448395061727
58620.0,1.219773901234568
58680.0,1.2197040000000003
58740.0,1.2196352839506175
58800.0,1.219567901234568
58860.0,1.219502
58920.0,1.219437728395062
58980.0,1.2193752345679012
59040.0,1.2193146666666668
59100.0,1.2192561728395064
59160.0,1.2191999012345682
59220.0,1.219146
59280.0,1.2190946172839507
59340.0,1.219045901234568
59400.0,1.219
59460.0,1.2189566419753086
59520.0,1.2189153580246914
59580.0,1.218876
59640.0,1.2188384197530866
59700.0,1.2188024691358026
59760.0,1.218768
59820.0,1.2187348641975309
59880.0,1.218702913580247
59940.0,1.218672
60000.0,1.2186419753086422
60060.0,1.2186126913580249
60120.0,1.2185840000000001
60180.0,1.2185557530864197
60240.0,1.2185278024691357
60300.0,1.2185
60360.0,1.218472197530864
60420.0,1.2184442469135803
60480.0,1.218416
60540.0,1.2183873086419754
60600.0,1.2183580246913581
60660.0,1.218328
60720.0,1.218297086419753
60780.0,1.2182651358024692
60840.0,1.218232
60900.0,1.2181975308641977
60960.0,1.2181615802469135
61020.0,1.2181239999999998
61080.0,1.2180846419753086
61140.0,1.2180433580246914
61200.0,1.218
61260.0,1.217954098765432
61320.0,1.2179053827160493
61380.0,1.217854
61440.0,1.217800098765432
61500.0,1.2177438271604937
61560.0,1.2176853333333333
61620.0,1.2176247654320989
61680.0,1.2175622716049381
61740.0,1.217498
61800.0,1.2174320987654321
61860.0,1.2173647160493828
61920.0,1.217296
61980.0,1.217226098765432
62040.0,1.217155160493827
62100.0,1.2170833333333333
62160.0,1.2170107654320987
62220.0,1.2169376049382716
62280.0,1.216864
62340.0,1.216790098765432
62400.0,1.216716049382716
62460.0,1.216642
62520.0,1.216568098765432
62580.0,1.2164944938271602
62640.0,1.2164213333333334
62700.0,1.2163487654320986
62760.0,1.2162769382716048
62820.0,1.216206
62880.0,1.2161360987654322
62940.0,1.2160673827160493
63000.0,1.216
63060.0,1.2159326172839504
63120.0,1.2158639012345678
63180.0,1.2157939999999998
63240.0,1.215723061728395
63300.0,1.2156512345679014
63360.0,1.2155786666666664
63420.0,1.2155055061728395
63480.0,1.2154319012345678
63540.0,1.215358
63600.0,1.215283950617284
63660.0,1.2152099012345678
63720.0,1.215136
63780.0,1.2150623950617283
63840.0,1.2149892345679012
63900.0,1.2149166666666666
63960.0,1.2148448395061728
64020.0,1.2147739012345677
64080.0,1.214704
64140.0,1.2146352839506174
64200.0,1.2145679012345678
64260.0,1.214502
64320.0,1.2144377283950618
64380.0,1.2143752345679013
64440.0,1.2143146666666664
64500.0,1.214256172839506
64560.0,1.214199901234568
64620.0,1.2141459999999997
64680.0,1.2140946172839504
64740.0,1.214045901234568
64800.0,1.214
64860.0,1.2139562839506173
64920.0,1.213913975308642
64980.0,1.2138729999999998
65040.0,1.2138332839506172
65100.0,1.2137947530864195
65160.0,1.2137573333333334
65220.0,1.213720950617284
65280.0,1.2136855308641974
65340.0,1.213651
65400.0,1.2136172839506172
65460.0,1.2135843086419753
65520.0,1.213552
65580.0,1.2135202839506172
65640.0,1.2134890864197532
65700.0,1.2134583333333333
65760.0,1.213427950617284
65820.0,1.2133978641975307
65880.0,1.213368
65940.0,1.2133382839506173
66000.0,1.2133086419753087
66060.0,1.213279
66120.0,1.2132492839506173
66180.0,1.2132194197530863
66240.0,1.2131893333333335
66300.0,1.213158950617284
66360.0,1.213128197530864
66420.0,1.2130969999999999
66480.0,1.2130652839506173
66540.0,1.2130329753086417
66600.0,1.213
66660.0,1.2129666666666667
66720.0,1.2129333333333334
66780.0,1.2129
66840.0,1.2128666666666665
66900.0,1.2128333333333332
66960.0,1.2128
67020.0,1.2127666666666668
67080.0,1.2127333333333334
67140.0,1.2127000000000001
67200.0,1.2126666666666666
67260.0,1.2126333333333332
67320.0,1.2126
67380.0,1.2125666666666666
67440.0,1.2125333333333332
67500.0,1.2125000000000001
67560.0,1.2124666666666666
67620.0,1.212433333333333
67680.0,1.2123999999999997
67740.0,1.2123666666666664
67800.0,1.212333333333333
67860.0,1.2123
67920.0,1.2122666666666666
67980.0,1.2122333333333335
68040.0,1.2122
68100.0,1.2121666666666666
68160.0,1.212133333333333
68220.0,1.2120999999999997
68280.0,1.2120666666666664
68340.0,1.2120333333333333
68400.0,1.212
68460.0,1.2119666666666666
68520.0,1.2119333333333333
68580.0,1.2119
68640.0,1.2118666666666664
68700.0,1.211833333333333
68760.0,1.2117999999999998
68820.0,1.2117666666666667
68880.0,1.2117333333333333
68940.0,1.2117
69000.0,1.2116666666666667
69060.0,1.2116333333333333
69120.0,1.2115999999999998
69180.0,1.2115666666666667
69240.0,1.2115333333333334
69300.0,1.2115
69360.0,1.2114666666666667
69420.0,1.2114333333333334
69480.0,1.2114000000000003
69540.0,1.2113666666666665
69600.0,1.2113333333333332
69660.0,1.2112999999999998
69720.0,1.2112666666666667
69780.0,1.2112333333333334
69840.0,1.2112
69900.0,1.2111666666666667
69960.0,1.2111333333333336
70020.0,1.2111
70080.0,1.2110666666666667
70140.0,1.2110333333333334
70200.0,1.211
70260.0,1.2109666666666667
70320.0,1.2109333333333334
70380.0,1.2109
70440.0,1.2108666666666668
70500.0,1.2108333333333334
70560.0,1.2108
70620.0,1.2107666666666668
70680.0,1.2107333333333334
70740.0,1.2107
70800.0,1.2106666666666668
70860.0,1.2106333333333335
70920.0,1.2106000000000001
70980.0,1.2105666666666668
71040.0,1.2105333333333332
71100.0,1.2105
71160.0,1.2104666666666666
71220.0,1.2104333333333333
71280.0,1.2104
71340.0,1.2103666666666666
71400.0,1.2103333333333333
71460.0,1.2103000000000002
71520.0,1.2102666666666668
71580.0,1.2102333333333335
71640.0,1.2102
71700.0,1.2101666666666666
71760.0,1.2101333333333333
71820.0,1.2101
71880.0,1.2100666666666666
71940.0,1.2100333333333333
72000.0,1.21
72060.0,1.2099666666666666
72120.0,1.2099333333333333
72180.0,1.2099
72240.0,1.2098666666666666
72300.0,1.2098333333333333
72360.0,1.2098
72420.0,1.2097666666666667
72480.0,1.2097333333333333
72540.0,1.2097
72600.0,1.2096666666666664
72660.0,1.2096333333333331
72720.0,1.2096
72780.0,1.2095666666666667
72840.0,1.2095333333333333
72900.0,1.2095
72960.0,1.2094666666666667
73020.0,1.2094333333333331
73080.0,1.2093999999999998
73140.0,1.2093666666666665
73200.0,1.2093333333333334
73260.0,1.2093
73320.0,1.2092666666666667
73380.0,1.2092333333333336
73440.0,1.2092
73500.0,1.2091666666666667
73560.0,1.2091333333333334
73620.0,1.2091
73680.0,1.2090666666666667
73740.0,1.2090333333333334
73800.0,1.209
73860.0,1.2089666666666667
73920.0,1.2089333333333334
73980.0,1.2089
74040.0,1.2088666666666665
74100.0,1.2088333333333332
74160.0,1.2087999999999999
74220.0,1.2087666666666668
74280.0,1.2087333333333334
74340.0,1.2087
74400.0,1.2086666666666668
74460.0,1.2086333333333334
74520.0,1.2086
74580.0,1.2085666666666666
74640.0,1.2085333333333332
74700.0,1.2085000000000001
74760.0,1.2084666666666668
74820.0,1.2084333333333335
74880.0,1.2084000000000001
74940.0,1.2083666666666666
75000.0,1.2083333333333333
75060.0,1.2083
75120.0,1.2082666666666666
75180.0,1.2082333333333333
75240.0,1.2082000000000002
75300.0,1.2081666666666668
75360.0,1.2081333333333335
75420.0,1.2081
75480.0,1.2080666666666666
75540.0,1.2080333333333333
75600.0,1.208
75660.0,1.2079666666666666
75720.0,1.2079333333333335
75780.0,1.2079000000000002
75840.0,1.2078666666666666
75900.0,1.2078333333333333
75960.0,1.2078
76020.0,1.2077666666666667
76080.0,1.2077333333333333
76140.0,1.2077
76200.0,1.2076666666666669
76260.0,1.2076333333333336
76320.0,1.2076
76380.0,1.2075666666666667
76440.0,1.2075333333333333
76500.0,1.2075
76560.0,1.2074666666666667
76620.0,1.2074333333333334
76680.0,1.2074000000000003
76740.0,1.2073666666666667
76800.0,1.2073333333333334
76860.0,1.2073
76920.0,1.2072666666666667
76980.0,1.2072333333333334
77040.0,1.2072
77100.0,1.2071666666666667
77160.0,1.2071333333333334
77220.0,1.2071
77280.0,1.2070666666666667
77340.0,1.2070333333333334
77400.0,1.207
77460.0,1.2069655925925926
77520.0,1.2069291851851853
77580.0,1.2068910000000002
77640.0,1.206851259259259
77700.0,1.2068101851851853
77760.0,1.206768
77820.0,1.206724925925926
77880.0,1.206681185185185
77940.0,1.2066370000000002
78000.0,1.2065925925925927
78060.0,1.2065481851851851
78120.0,1.2065039999999998
78180.0,1.2064602592592593
78240.0,1.206417185185185
78300.0,1.206375
78360.0,1.206333925925926
78420.0,1.206294185185185
78480.0,1.206256
78540.0,1.2062195925925925
78600.0,1.206185185185185
78660.0,1.2061529999999998
78720.0,1.2061232592592592
78780.0,1.2060961851851852
78840.0,1.2060719999999998
78900.0,1.2060509259259258
78960.0,1.206033185185185
79020.0,1.206019
79080.0,1.2060085925925925
79140.0,1.2060021851851852
79200.0,1.206
79260.0,1.206
79320.0,1.206
79380.0,1.206
79440.0,1.206
79500.0,1.206
79560.0,1.206
79620.0,1.206
79680.0,1.206
79740.0,1.206
79800.0,1.206
79860.0,1.206
79920.0,1.206
79980.0,1.206
80040.0,1.206
80100.0,1.206
80160.0,1.206
80220.0,1.206
80280.0,1.206
80340.0,1.206
80400.0,1.206
80460.0,1.206
80520.0,1.206
80580.0,1.206
80640.0,1.206
80700.0,1.206
80760.0,1.206
80820.0,1.206
80880.0,1.206
80940.0,1.206
81000.0,1.206
81060.0,1.2059967407407408
81120.0,1.2059872592592593
81180.0,1.205972
81240.0,1.2059514074074074
81300.0,1.2059259259259258
81360.0,1.205896
81420.0,1.205862074074074
81480.0,1.2058245925925926
81540.0,1.205784
81600.0,1.2057407407407408
81660.0,1.2056952592592591
81720.0,1.205648
81780.0,1.2055994074074075
81840.0,1.205549925925926
81900.0,1.2055
81960.0,1.2054500740740741
82020.0,1.2054005925925926
82080.0,1.205352
82140.0,1.2053047407407407
82200.0,1.2052592592592593
82260.0,1.2052159999999998
82320.0,1.2051754074074073
82380.0,1.2051379259259258
82440.0,1.2051040000000002
82500.0,1.205074074074074
82560.0,1.2050485925925927
82620.0,1.205028
82680.0,1.2050127407407407
82740.0,1.2050032592592594
82800.0,1.205
82860.0,1.205
82920.0,1.205
82980.0,1.205
83040.0,1.205
83100.0,1.205
83160.0,1.205
83220.0,1.205
83280.0,1.205
83340.0,1.205
83400.0,1.205
83460.0,1.205
83520.0,1.205
83580.0,1.205
83640.0,1.205
83700.0,1.205
83760.0,1.205
83820.0,1.205
83880.0,1.205
83940.0,1.205
84000.0,1.205
84060.0,1.205
84120.0,1.205
84180.0,1.205
84240.0,1.205
84300.0,1.205
84360.0,1.205
84420.0,1.205
84480.0,1.205
84540.0,1.205
84600.0,1.205
84660.0,1.2049967407407407
84720.0,1.2049872592592592
84780.0,1.204972
84840.0,1.2049514074074075
84900.0,1.204925925925926
84960.0,1.2048960000000002
85020.0,1.204862074074074
85080.0,1.2048245925925927
85140.0,1.204784
85200.0,1.2047407407407407
85260.0,1.2046952592592592
85320.0,1.204648
85380.0,1.2045994074074073
85440.0,1.204549925925926
85500.0,1.2045
85560.0,1.204450074074074
85620.0,1.2044005925925927
85680.0,1.204352
85740.0,1.2043047407407408
85800.0,1.2042592592592594
85860.0,1.204216
85920.0,1.2041754074074074
85980.0,1.204137925925926
86040.0,1.204104
86100.0,1.204074074074074
86160.0,1.2040485925925926
86220.0,1.204028
86280.0,1.2040127407407408
86340.0,1.2040032592592593
86400.0,1.204
86460.0,1.204
86520.0,1.204
86580.0,1.204
86640.0,1.204
86700.0,1.204
86760.0,1.204
86820.0,1.204
86880.0,1.204
86940.0,1.204
87000.0,1.204
87060.0,1.204
87120.0,1.204
87180.0,1.204
87240.0,1.204
87300.0,1.204
87360.0,1.204
87420.0,1.204
87480.0,1.204
87540.0,1.204
87600.0,1.204
87660.0,1.204
87720.0,1.204
87780.0,1.204
87840.0,1.204
87900.0,1.204
87960.0,1.204
88020.0,1.204
88080.0,1.204
88140.0,1.204
88200.0,1.204
88260.0,1.2039967407407408
88320.0,1.2039872592592593
88380.0,1.203972
88440.0,1.2039514074074074
88500.0,1.203925925925926
88560.0,1.203896
88620.0,1.2038620740740742
88680.0,1.2038245925925928
88740.0,1.2037840000000002
88800.0,1.2037407407407408
88860.0,1.2036952592592594
88920.0,1.203648
88980.0,1.2035994074074075
89040.0,1.203549925925926
89100.0,1.2035
89160.0,1.2034500740740741
89220.0,1.2034005925925926
89280.0,1.203352
89340.0,1.203304740740741
89400.0,1.2032592592592593
89460.0,1.203216
89520.0,1.2031754074074075
89580.0,1.203137925925926
89640.0,1.2031040000000002
89700.0,1.2030740740740742
89760.0,1.2030485925925927
89820.0,1.203028
89880.0,1.2030127407407407
89940.0,1.2030032592592594
90000.0,1.203
90060.0,1.203
90120.0,1.203
90180.0,1.203
90240.0,1.203
90300.0,1.203
90360.0,1.203
90420.0,1.203
90480.0,1.203
90540.0,1.203
90600.0,1.203
90660.0,1.203
90720.0,1.203
90780.0,1.203
90840.0,1.203
90900.0,1.203
90960.0,1.203
91020.0,1.203
91080.0,1.203
91140.0,1.203
91200.0,1.203
91260.0,1.203
91320.0,1.203
91380.0,1.203
91440.0,1.203
91500.0,1.203
91560.0,1.203
91620.0,1.203
91680.0,1.203
91740.0,1.203
91800.0,1.203
91860.0,1.203
91920.0,1.203
91980.0,1.203
92040.0,1.203
92100.0,1.203
92160.0,1.203
92220.0,1.203
92280.0,1.203
92340.0,1.203
92400.0,1.203
92460.0,1.203
92520.0,1.203
92580.0,1.203
92640.0,1.203
92700.0,1.203
92760.0,1.203
92820.0,1.203
92880.0,1.203
92940.0,1.203
93000.0,1.203
93060.0,1.203
93120.0,1.203
93180.0,1.203
93240.0,1.203
93300.0,1.203
93360.0,1.203
93420.0,1.203
93480.0,1.203
93540.0,1.203
93600.0,1.203
93660.0,1.203
93720.0,1.203
93780.0,1.203
93840.0,1.203
93900.0,1.203
93960.0,1.203
94020.0,1.203
94080.0,1.203
94140.0,1.203
94200.0,1.203
94260.0,1.203
94320.0,1.203
94380.0,1.203
94440.0,1.203
94500.0,1.203
94560.0,1.203
94620.0,1.203
94680.0,1.203
94740.0,1.203
94800.0,1.203
94860.0,1.203
94920.0,1.203
94980.0,1.203
95040.0,1.203
95100.0,1.203
95160.0,1.203
95220.0,1.203
95280.0,1.203
95340.0,1.203
95400.0,1.203
95460.0,1.202996740740741
95520.0,1.2029872592592594
95580.0,1.2029720000000002
95640.0,1.2029514074074075
95700.0,1.202925925925926
95760.0,1.2028960000000002
95820.0,1.202862074074074
95880.0,1.202824592592593
95940.0,1.202784
96000.0,1.2027407407407407
96060.0,1.2026952592592592
96120.0,1.202648
96180.0,1.2025994074074073
96240.0,1.2025499259259258
96300.0,1.2025000000000001
96360.0,1.202450074074074
96420.0,1.2024005925925925
96480.0,1.2023519999999999
96540.0,1.2023047407407406
96600.0,1.2022592592592591
96660.0,1.202216
96720.0,1.2021754074074074
96780.0,1.202137925925926
96840.0,1.202104
96900.0,1.202074074074074
96960.0,1.2020485925925926
97020.0,1.2020279999999999
97080.0,1.2020127407407408
97140.0,1.2020032592592593
97200.0,1.202
97260.0,1.202
97320.0,1.202
97380.0,1.202
97440.0,1.202
97500.0,1.202
97560.0,1.202
97620.0,1.202
97680.0,1.202
97740.0,1.202
97800.0,1.202
97860.0,1.202
97920.0,1.202
97980.0,1.202
98040.0,1.202
98100.0,1.202
98160.0,1.202
98220.0,1.202
98280.0,1.202
98340.0,1.202
98400.0,1.202
98460.0,1.202
98520.0,1.202
98580.0,1.202
98640.0,1.202
98700.0,1.202
98760.0,1.202
98820.0,1.202
98880.0,1.202
98940.0,1.202
99000.0,1.202
99060.0,1.202
99120.0,1.202
99180.0,1.202
99240.0,1.202
99300.0,1.202
99360.0,1.202
99420.0,1.202
99480.0,1.202
99540.0,1.202
99600.0,1.202
99660.0,1.202
99720.0,1.202
99780.0,1.202
99840.0,1.202
99900.0,1.202
99960.0,1.202
100020.0,1.202
100080.0,1.202
100140.0,1.202
100200.0,1.202
100260.0,1.202
100320.0,1.202
100380.0,1.202
100440.0,1.202
100500.0,1.202
100560.0,1.202
100620.0,1.202
100680.0,1.202
100740.0,1.202
100800.0,1.202
100860.0,1.202
100920.0,1.202
100980.0,1.202
101040.0,1.202
101100.0,1.202
101160.0,1.202
101220.0,1.202
101280.0,1.202
101340.0,1.202
101400.0,1.202
101460.0,1.202
101520.0,1.202
101580.0,1.202
101640.0,1.202
101700.0,1.202
101760.0,1.202
101820.0,1.202
101880.0,1.202
101940.0,1.202
102000.0,1.202
102060.0,1.202
102120.0,1.202
102180.0,1.202
102240.0,1.202
102300.0,1.202
102360.0,1.202
102420.0,1.202
102480.0,1.202
102540.0,1.202
102600.0,1.202
102660.0,1.202
102720.0,1.202
102780.0,1.202
102840.0,1.202
102900.0,1.202
102960.0,1.202
103020.0,1.202
103080.0,1.202
103140.0,1.202
103200.0,1.202
103260.0,1.202
103320.0,1.202
103380.0,1.202
103440.0,1.202
103500.0,1.202
103560.0,1.202
103620.0,1.202
103680.0,1.202
103740.0,1.202
103800.0,1.202
103860.0,1.202
103920.0,1.202
103980.0,1.202
104040.0,1.202
104100.0,1.202
104160.0,1.202
104220.0,1.202
104280.0,1.202
104340.0,1.202
104400.0,1.202
104460.0,1.2019967407407408
104520.0,1.2019872592592593
104580.0,1.201972
104640.0,1.2019514074074074
104700.0,1.2019259259259258
104760.0,1.201896
104820.0,1.201862074074074
104880.0,1.2018245925925926
104940.0,1.201784
105000.0,1.2017407407407408
105060.0,1.2016952592592591
105120.0,1.201648
105180.0,1.2015994074074074
105240.0,1.201549925925926
105300.0,1.2014999999999998
105360.0,1.2014500740740741
105420.0,1.2014005925925926
105480.0,1.201352
105540.0,1.2013047407407407
105600.0,1.2012592592592592
105660.0,1.2012159999999998
105720.0,1.2011754074074072
105780.0,1.2011379259259258
105840.0,1.201104
105900.0,1.201074074074074
105960.0,1.2010485925925927
106020.0,1.201028
106080.0,1.2010127407407407
106140.0,1.2010032592592594
106200.0,1.201
106260.0,1.201
106320.0,1.201
106380.0,1.201
106440.0,1.201
106500.0,1.201
106560.0,1.201
106620.0,1.201
106680.0,1.201
106740.0,1.201
106800.0,1.201
106860.0,1.201
106920.0,1.201
106980.0,1.201
107040.0,1.201
107100.0,1.201
107160.0,1.201
107220.0,1.201
107280.0,1.201
107340.0,1.201
107400.0,1.201
107460.0,1.201
107520.0,1.201
107580.0,1.201
107640.0,1.201
107700.0,1.201
107760.0,1.201
107820.0,1.201
107880.0,1.201
107940.0,1.201
108000.0,1.201
108060.0,1.201
108120.0,1.201
108180.0,1.201
108240.0,1.201
108300.0,1.201
108360.0,1.201
108420.0,1.201
108480.0,1.201
108540.0,1.201
108600.0,1.201
108660.0,1.201
108720.0,1.201
108780.0,1.201
108840.0,1.201
108900.0,1.201
108960.0,1.201
109020.0,1.201
109080.0,1.201
109140.0,1.201
109200.0,1.201
109260.0,1.201
109320.0,1.201
109380.0,1.201
109440.0,1.201
109500.0,1.201
109560.0,1.201
109620.0,1.201
109680.0,1.201
109740.0,1.201
109800.0,1.201
109860.0,1.201
109920.0,1.201
109980.0,1.201
110040.0,1.201
110100.0,1.201
110160.0,1.201
110220.0,1.201
110280.0,1.201
110340.0,1.201
110400.0,1.201
110460.0,1.201
110520.0,1.201
110580.0,1.201
110640.0,1.201
110700.0,1.201
110760.0,1.201
110820.0,1.201
110880.0,1.201
110940.0,1.201
111000.0,1.201
111060.0,1.201
111120.0,1.201
111180.0,1.201
111240.0,1.201
111300.0,1.201
111360.0,1.201
111420.0,1.201
111480.0,1.201
111540.0,1.201
111600.0,1.201
111660.0,1.201
111720.0,1.201
111780.0,1.201
111840.0,1.201
111900.0,1.201
111960.0,1.201
112020.0,1.201
112080.0,1.201
112140.0,1.201
112200.0,1.201
112260.0,1.201
112320.0,1.201
112380.0,1.201
112440.0,1.201
112500.0,1.201
112560.0,1.201
112620.0,1.201
112680.0,1.201
112740.0,1.201
112800.0,1.201
112860.0,1.201
112920.0,1.201
112980.0,1.201
113040.0,1.201
113100.0,1.201
113160.0,1.201
113220.0,1.201
113280.0,1.201
113340.0,1.201
113400.0,1.201
113460.0,1.201
113520.0,1.201
113580.0,1.201
113640.0,1.201
113700.0,1.201
113760.0,1.201
113820.0,1.201
113880.0,1.201
113940.0,1.201
114000.0,1.201
114060.0,1.201
114120.0,1.201
114180.0,1.201
114240.0,1.201
114300.0,1.201
114360.0,1.201
114420.0,1.201
114480.0,1.201
114540.0,1.201
114600.0,1.201
114660.0,1.201
114720.0,1.201
114780.0,1.201
114840.0,1.201
114900.0,1.201
114960.0,1.201
115020.0,1.201
115080.0,1.201
115140.0,1.201
115200.0,1.201
115260.0,1.201
115320.0,1.201
115380.0,1.201
115440.0,1.201
115500.0,1.201
115560.0,1.201
115620.0,1.201
115680.0,1.201
115740.0,1.201
115800.0,1.201
115860.0,1.201
115920.0,1.201
115980.0,1.201
116040.0,1.201
116100.0,1.201
116160.0,1.201
116220.0,1.201
116280.0,1.201
116340.0,1.201
116400.0,1.201
116460.0,1.201
116520.0,1.201
116580.0,1.201
116640.0,1.201
116700.0,1.201
116760.0,1.201
116820.0,1.201
116880.0,1.201
116940.0,1.201
117000.0,1.201
117060.0,1.201
117120.0,1.201
117180.0,1.201
117240.0,1.201
117300.0,1.201
117360.0,1.201
117420.0,1.201
117480.0,1.201
117540.0,1.201
117600.0,1.201
117660.0,1.201
117720.0,1.201
117780.0,1.201
117840.0,1.201
117900.0,1.201
117960.0,1.201
118020.0,1.201
118080.0,1.201
118140.0,1.201
118200.0,1.201
118260.0,1.201
118320.0,1.201
118380.0,1.201
118440.0,1.201
118500.0,1.201
118560.0,1.201
118620.0,1.201
118680.0,1.201
118740.0,1.201
118800.0,1.201
118860.0,1.201
118920.0,1.201
118980.0,1.201
119040.0,1.201
119100.0,1.201
119160.0,1.201
119220.0,1.201
119280.0,1.201
119340.0,1.201
119400.0,1.201
119460.0,1.201
119520.0,1.201
119580.0,1.201
119640.0,1.201
119700.0,1.201
119760.0,1.201
119820.0,1.201
119880.0,1.201
119940.0,1.201
120000.0,1.201
120060.0,1.201
120120.0,1.201
120180.0,1.201
120240.0,1.201
120300.0,1.201
120360.0,1.201
120420.0,1.201
120480.0,1.201
120540.0,1.201
120600.0,1.201
120660.0,1.201
120720.0,1.201
120780.0,1.201
120840.0,1.201
120900.0,1.201
120960.0,1.201
121020.0,1.201
121080.0,1.201
121140.0,1.201
121200.0,1.201
121260.0,1.201
121320.0,1.201
121380.0,1.201
121440.0,1.201
121500.0,1.201
121560.0,1.201
121620.0,1.201
121680.0,1.201
121740.0,1.201
121800.0,1.201
121860.0,1.201
121920.0,1.201
121980.0,1.201
122040.0,1.201
122100.0,1.201
122160.0,1.201
122220.0,1.201
122280.0,1.201
122340.0,1.201
122400.0,1.201
122460.0,1.201
122520.0,1.201
122580.0,1.201
122640.0,1.201
122700.0,1.201
122760.0,1.201
122820.0,1.201
122880.0,1.201
122940.0,1.201
123000.0,1.201
123060.0,1.201
123120.0,1.201
123180.0,1.201
123240.0,1.201
123300.0,1.201
123360.0,1.201
123420.0,1.201
123480.0,1.201
123540.0,1.201
123600.0,1.201
123660.0,1.201
123720.0,1.201
123780.0,1.201
123840.0,1.201
123900.0,1.201
123960.0,1.201
124020.0,1.201
124080.0,1.201
124140.0,1.201
124200.0,1.201
124260.0,1.2009967407407407
124320.0,1.2009872592592592
124380.0,1.200972
124440.0,1.2009514074074075
124500.0,1.200925925925926
124560.0,1.2008960000000002
124620.0,1.200862074074074
124680.0,1.2008245925925927
124740.0,1.200784
124800.0,1.2007407407407407
124860.0,1.2006952592592592
124920.0,1.200648
124980.0,1.2005994074074073
125040.0,1.200549925925926
125100.0,1.2005
125160.0,1.200450074074074
125220.0,1.2004005925925927
125280.0,1.200352
125340.0,1.2003047407407408
125400.0,1.2002592592592594
125460.0,1.200216
125520.0,1.2001754074074074
125580.0,1.200137925925926
125640.0,1.200104
125700.0,1.200074074074074
125760.0,1.2000485925925926
125820.0,1.200028
125880.0,1.2000127407407408
125940.0,1.2000032592592593
126000.0,1.2
126060.0,1.2
126120.0,1.2
126180.0,1.2
126240.0,1.2
126300.0,1.2
126360.0,1.2
126420.0,1.2
126480.0,1.2
126540.0,1.2
126600.0,1.2
126660.0,1.2
126720.0,1.2
126780.0,1.2
126840.0,1.2
126900.0,1.2
126960.0,1.2
127020.0,1.2
127080.0,1.2
127140.0,1.2
127200.0,1.2
127260.0,1.2
127320.0,1.2
127380.0,1.2
127440.0,1.2
127500.0,1.2
127560.0,1.2
127620.0,1.2
127680.0,1.2
127740.0,1.2
127800.0,1.2
127860.0,1.2
127920.0,1.2
127980.0,1.2
128040.0,1.2
128100.0,1.2
128160.0,1.2
128220.0,1.2
128280.0,1.2
128340.0,1.2
128400.0,1.2
128460.0,1.2
128520.0,1.2
128580.0,1.2
128640.0,1.2
128700.0,1.2
128760.0,1.2
128820.0,1.2
128880.0,1.2
128940.0,1.2
129000.0,1.2
129060.0,1.2
129120.0,1.2
129180.0,1.2
129240.0,1.2
129300.0,1.2
129360.0,1.2
129420.0,1.2
129480.0,1.2
129540.0,1.2
129600.0,1.2
129660.0,1.2
129720.0,1.2
129780.0,1.2
129840.0,1.2
129900.0,1.2
129960.0,1.2
130020.0,1.2
130080.0,1.2
130140.0,1.2
130200.0,1.2
130260.0,1.2
130320.0,1.2
130380.0,1.2
130440.0,1.2
130500.0,1.2
130560.0,1.2
130620.0,1.2
130680.0,1.2
130740.0,1.2
130800.0,1.2
130860.0,1.2
130920.0,1.2
130980.0,1.2
131040.0,1.2
131100.0,1.2
131160.0,1.2
131220.0,1.2
131280.0,1.2
131340.0,1.2
131400.0,1.2
131460.0,1.2
131520.0,1.2
131580.0,1.2
131640.0,1.2
131700.0,1.2
131760.0,1.2
131820.0,1.2
131880.0,1.2
131940.0,1.2
132000.0,1.2
132060.0,1.2
132120.0,1.2
132180.0,1.2
132240.0,1.2
132300.0,1.2
132360.0,1.2
132420.0,1.2
132480.0,1.2
132540.0,1.2
132600.0,1.2
132660.0,1.2
132720.0,1.2
132780.0,1.2
132840.0,1.2
132900.0,1.2
132960.0,1.2
133020.0,1.2
133080.0,1.2
133140.0,1.2
133200.0,1.2
133260.0,1.2
133320.0,1.2
133380.0,1.2
133440.0,1.2
133500.0,1.2
133560.0,1.2
133620.0,1.2
133680.0,1.2
133740.0,1.2
133800.0,1.2
133860.0,1.2
133920.0,1.2
133980.0,1.2
134040.0,1.2
134100.0,1.2
134160.0,1.2
134220.0,1.2
134280.0,1.2
134340.0,1.2
134400.0,1.2
134460.0,1.2
134520.0,1.2
134580.0,1.2
134640.0,1.2
134700.0,1.2
134760.0,1.2
134820.0,1.2
134880.0,1.2
134940.0,1.2
135000.0,1.2
135060.0,1.2
135120.0,1.2
135180.0,1.2
135240.0,1.2
135300.0,1.2
135360.0,1.2
135420.0,1.2
135480.0,1.2
135540.0,1.2
135600.0,1.2
135660.0,1.2
135720.0,1.2
135780.0,1.2
135840.0,1.2
135900.0,1.2
135960.0,1.2
136020.0,1.2
136080.0,1.2
136140.0,1.2
136200.0,1.2
136260.0,1.2
136320.0,1.2
136380.0,1.2
136440.0,1.2
136500.0,1.2
136560.0,1.2
136620.0,1.2
136680.0,1.2
136740.0,1.2
136800.0,1.2
136860.0,1.2
136920.0,1.2
136980.0,1.2
137040.0,1.2
137100.0,1.2
137160.0,1.2
137220.0,1.2
137280.0,1.2
137340.0,1.2
137400.0,1.2
137460.0,1.2
137520.0,1.2
137580.0,1.2
137640.0,1.2
137700.0,1.2
137760.0,1.2
137820.0,1.2
137880.0,1.2
137940.0,1.2
138000.0,1.2
138060.0,1.2
138120.0,1.2
138180.0,1.2
138240.0,1.2
138300.0,1.2
138360.0,1.2
138420.0,1.2
138480.0,1.2
138540.0,1.2
138600.0,1.2
138660.0,1.2
138720.0,1.2
138780.0,1.2
138840.0,1.2
138900.0,1.2
138960.0,1.2
139020.0,1.2
139080.0,1.2
139140.0,1.2
139200.0,1.2
139260.0,1.2
139320.0,1.2
139380.0,1.2
139440.0,1.2
139500.0,1.2
139560.0,1.2
139620.0,1.2
139680.0,1.2
139740.0,1.2
139800.0,1.2
139860.0,1.2
139920.0,1.2
139980.0,1.2
140040.0,1.2
140100.0,1.2
140160.0,1.2
140220.0,1.2
140280.0,1.2
140340.0,1.2
140400.0,1.2
140460.0,1.2
140520.0,1.2
140580.0,1.2
140640.0,1.2
140700.0,1.2
140760.0,1.2
140820.0,1.2
140880.0,1.2
140940.0,1.2
141000.0,1.2
141060.0,1.2
141120.0,1.2
141180.0,1.2
141240.0,1.2
141300.0,1.2
141360.0,1.2
141420.0,1.2
141480.0,1.2
141540.0,1.2
141600.0,1.2
141660.0,1.2
141720.0,1.2
141780.0,1.2
141840.0,1.2
141900.0,1.2
141960.0,1.2
142020.0,1.2
142080.0,1.2
142140.0,1.2
142200.0,1.2
142260.0,1.2
142320.0,1.2
142380.0,1.2
142440.0,1.2
142500.0,1.2
142560.0,1.2
142620.0,1.2
142680.0,1.2
142740.0,1.2
142800.0,1.2
142860.0,1.2
142920.0,1.2
142980.0,1.2
143040.0,1.2
143100.0,1.2
143160.0,1.2
143220.0,1.2
143280.0,1.2
143340.0,1.2
143400.0,1.2
143460.0,1.2
143520.0,1.2
143580.0,1.2
143640.0,1.2
143700.0,1.2
143760.0,1.2
143820.0,1.2
143880.0,1.2
143940.0,1.2
144000.0,1.2
144060.0,1.2
144120.0,1.2
144180.0,1.2
144240.0,1.2
144300.0,1.2
144360.0,1.2
144420.0,1.2
144480.0,1.2
144540.0,1.2
144600.0,1.2
144660.0,1.2
144720.0,1.2
144780.0,1.2
144840.0,1.2
144900.0,1.2
144960.0,1.2
145020.0,1.2
145080.0,1.2
145140.0,1.2
145200.0,1.2
145260.0,1.2
145320.0,1.2
145380.0,1.2
145440.0,1.2
145500.0,1.2
145560.0,1.2
145620.0,1.2
145680.0,1.2
145740.0,1.2
145800.0,1.2
145860.0,1.2
145920.0,1.2
145980.0,1.2
146040.0,1.2
146100.0,1.2
146160.0,1.2
146220.0,1.2
146280.0,1.2
146340.0,1.2
146400.0,1.2
146460.0,1.2
146520.0,1.2
146580.0,1.2
146640.0,1.2
146700.0,1.2
146760.0,1.2
146820.0,1.2
146880.0,1.2
146940.0,1.2
147000.0,1.2
147060.0,1.2
147120.0,1.2
147180.0,1.2
147240.0,1.2
147300.0,1.2
147360.0,1.2
147420.0,1.2
147480.0,1.2
147540.0,1.2
147600.0,1.2
147660.0,1.2
147720.0,1.2
147780.0,1.2
147840.0,1.2
147900.0,1.2
147960.0,1.2
148020.0,1.2
148080.0,1.2
148140.0,1.2
148200.0,1.2
148260.0,1.2
148320.0,1.2
148380.0,1.2
148440.0,1.2
148500.0,1.2
148560.0,1.2
148620.0,1.2
148680.0,1.2
148740.0,1.2
148800.0,1.2
148860.0,1.2
148920.0,1.2
148980.0,1.2
149040.0,1.2
149100.0,1.2
149160.0,1.2
149220.0,1.2
149280.0,1.2
149340.0,1.2
149400.0,1.2
149460.0,1.2
149520.0,1.2
149580.0,1.2
149640.0,1.2
149700.0,1.2
149760.0,1.2
149820.0,1.2
149880.0,1.2
149940.0,1.2
150000.0,1.2
150060.0,1.2
150120.0,1.2
150180.0,1.2
150240.0,1.2
150300.0,1.2
150360.0,1.2
150420.0,1.2
150480.0,1.2
150540.0,1.2
150600.0,1.2
150660.0,1.2
150720.0,1.2
150780.0,1.2
150840.0,1.2
150900.0,1.2
150960.0,1.2
151020.0,1.2
151080.0,1.2
151140.0,1.2
151200.0,1.2
151260.0,1.2
151320.0,1.2
151380.0,1.2
151440.0,1.2
151500.0,1.2
151560.0,1.2
151620.0,1.2
151680.0,1.2
151740.0,1.2
151800.0,1.2
151860.0,1.2
151920.0,1.2
151980.0,1.2
152040.0,1.2
152100.0,1.2
152160.0,1.2
152220.0,1.2
152280.0,1.2
152340.0,1.2
152400.0,1.2
152460.0,1.2
152520.0,1.2
152580.0,1.2
152640.0,1.2
152700.0,1.2
152760.0,1.2
152820.0,1.2
152880.0,1.2
152940.0,1.2
153000.0,1.2
153060.0,1.2
153120.0,1.2
153180.0,1.2
153240.0,1.2
153300.0,1.2
153360.0,1.2
153420.0,1.2
153480.0,1.2
153540.0,1.2
153600.0,1.2
153660.0,1.2
153720.0,1.2
153780.0,1.2
153840.0,1.2
153900.0,1.2
153960.0,1.2
154020.0,1.2
154080.0,1.2
154140.0,1.2
154200.0,1.2
154260.0,1.2
154320.0,1.2
154380.0,1.2
154440.0,1.2
154500.0,1.2
154560.0,1.2
154620.0,1.2
154680.0,1.2
154740.0,1.2
154800.0,1.2
154860.0,1.2
154920.0,1.2
154980.0,1.2
155040.0,1.2
155100.0,1.2
155160.0,1.2
155220.0,1.2
155280.0,1.2
155340.0,1.2
155400.0,1.2
155460.0,1.2
155520.0,1.2
155580.0,1.2
155640.0,1.2
155700.0,1.2
155760.0,1.2
155820.0,1.2
155880.0,1.2
155940.0,1.2
156000.0,1.2
156060.0,1.2
156120.0,1.2
156180.0,1.2
156240.0,1.2
156300.0,1.2
156360.0,1.2
156420.0,1.2
156480.0,1.2
156540.0,1.2
156600.0,1.2
156660.0,1.2
156720.0,1.2
156780.0,1.2
156840.0,1.2
156900.0,1.2
156960.0,1.2
157020.0,1.2
157080.0,1.2
157140.0,1.2
157200.0,1.2
157260.0,1.2
157320.0,1.2
157380.0,1.2
157440.0,1.2
157500.0,1.2
157560.0,1.2
157620.0,1.2
157680.0,1.2
157740.0,1.2
157800.0,1.2
157860.0,1.2
157920.0,1.2
157980.0,1.2
158040.0,1.2
158100.0,1.2
158160.0,1.2
158220.0,1.2
158280.0,1.2
158340.0,1.2
158400.0,1.2
158460.0,1.2
158520.0,1.2
158580.0,1.2
158640.0,1.2
158700.0,1.2
158760.0,1.2
158820.0,1.2
158880.0,1.2
158940.0,1.2
159000.0,1.2
159060.0,1.2
159120.0,1.2
159180.0,1.2
159240.0,1.2
159300.0,1.2
159360.0,1.2
159420.0,1.2
159480.0,1.2
159540.0,1.2
159600.0,1.2
159660.0,1.2
159720.0,1.2
159780.0,1.2
159840.0,1.2
159900.0,1.2
159960.0,1.2
160020.0,1.2
160080.0,1.2
160140.0,1.2
160200.0,1.2
160260.0,1.2
160320.0,1.2
160380.0,1.2
160440.0,1.2
160500.0,1.2
160560.0,1.2
160620.0,1.2
160680.0,1.2
160740.0,1.2
160800.0,1.2
160860.0,1.2
160920.0,1.2
160980.0,1.2
161040.0,1.2
161100.0,1.2
161160.0,1.2
161220.0,1.2
161280.0,1.2
161340.0,1.2
161400.0,1.2
161460.0,1.2
161520.0,1.2
161580.0,1.2
161640.0,1.2
161700.0,1.2
161760.0,1.2
161820.0,1.2
161880.0,1.2
161940.0,1.2
162000.0,1.2
162060.0,1.2
162120.0,1.2
162180.0,1.2
162240.0,1.2
162300.0,1.2
162360.0,1.2
162420.0,1.2
162480.0,1.2
162540.0,1.2
162600.0,1.2
162660.0,1.2
162720.0,1.2
162780.0,1.2
162840.0,1.2
162900.0,1.2
162960.0,1.2
163020.0,1.2
163080.0,1.2
163140.0,1.2
163200.0,1.2
163260.0,1.2
163320.0,1.2
163380.0,1.2
163440.0,1.2
163500.0,1.2
163560.0,1.2
163620.0,1.2
163680.0,1.2
163740.0,1.2
163800.0,1.2
163860.0,1.2
163920.0,1.2
163980.0,1.2
164040.0,1.2
164100.0,1.2
164160.0,1.2
164220.0,1.2
164280.0,1.2
164340.0,1.2
164400.0,1.2
164460.0,1.2
164520.0,1.2
164580.0,1.2
164640.0,1.2
164700.0,1.2
164760.0,1.2
164820.0,1.2
164880.0,1.2
164940.0,1.2
165000.0,1.2
165060.0,1.2
165120.0,1.2
165180.0,1.2
165240.0,1.2
165300.0,1.2
165360.0,1.2
165420.0,1.2
165480.0,1.2
165540.0,1.2
165600.0,1.2
165660.0,1.2
165720.0,1.2
165780.0,1.2
165840.0,1.2
165900.0,1.2
165960.0,1.2
166020.0,1.2
166080.0,1.2
166140.0,1.2
166200.0,1.2
166260.0,1.2
166320.0,1.2
166380.0,1.2
166440.0,1.2
166500.0,1.2
166560.0,1.2
166620.0,1.2
166680.0,1.2
166740.0,1.2
166800.0,1.2
166860.0,1.2
166920.0,1.2
166980.0,1.2
167040.0,1.2
167100.0,1.2
167160.0,1.2
167220.0,1.2
167280.0,1.2
167340.0,1.2
167400.0,1.2
167460.0,1.2
167520.0,1.2
167580.0,1.2
167640.0,1.2
167700.0,1.2
167760.0,1.2
167820.0,1.2
167880.0,1.2
167940.0,1.2
168000.0,1.2
168060.0,1.2
168120.0,1.2
168180.0,1.2
168240.0,1.2
168300.0,1.2
168360.0,1.2
168420.0,1.2
168480.0,1.2
168540.0,1.2
168600.0,1.2
168660.0,1.2
168720.0,1.2
168780.0,1.2
168840.0,1.2
168900.0,1.2
168960.0,1.2
169020.0,1.2
169080.0,1.2
169140.0,1.2
169200.0,1.2
169260.0,1.2
169320.0,1.2
169380.0,1.2
169440.0,1.2
169500.0,1.2
169560.0,1.2
169620.0,1.2
169680.0,1.2
169740.0,1.2
169800.0,1.2
169860.0,1.2
169920.0,1.2
169980.0,1.2
170040.0,1.2
170100.0,1.2
170160.0,1.2
170220.0,1.2
170280.0,1.2
170340.0,1.2
170400.0,1.2
170460.0,1.2
170520.0,1.2
170580.0,1.2
170640.0,1.2
170700.0,1.2
170760.0,1.2
170820.0,1.2
170880.0,1.2
170940.0,1.2
171000.0,1.2
171060.0,1.2
171120.0,1.2
171180.0,1.2
171240.0,1.2
171300.0,1.2
171360.0,1.2
171420.0,1.2
171480.0,1.2
171540.0,1.2
171600.0,1.2
171660.0,1.2
171720.0,1.2
171780.0,1.2
171840.0,1.2
171900.0,1.2
171960.0,1.2
172020.0,1.2
172080.0,1.2
172140.0,1.2
172200.0,1.2
172260.0,1.2
172320.0,1.2
172380.0,1.2
172440.0,1.2
172500.0,1.2
172560.0,1.2
172620.0,1.2
172680.0,1.2
172740.0,1.2
172800.0,1.2
172860.0,1.2
172920.0,1.2
172980.0,1.2
173040.0,1.2
173100.0,1.2
173160.0,1.2
173220.0,1.2
173280.0,1.2
173340.0,1.2
173400.0,1.2
173460.0,1.2
173520.0,1.2
173580.0,1.2
173640.0,1.2
173700.0,1.2
173760.0,1.2
173820.0,1.2
173880.0,1.2
173940.0,1.2
174000.0,1.2
174060.0,1.2
174120.0,1.2
174180.0,1.2
174240.0,1.2
174300.0,1.2
174360.0,1.2
174420.0,1.2
174480.0,1.2
174540.0,1.2
174600.0,1.2
174660.0,1.2
174720.0,1.2
174780.0,1.2
174840.0,1.2
174900.0,1.2
174960.0,1.2
175020.0,1.2
175080.0,1.2
175140.0,1.2
175200.0,1.2
175260.0,1.2
175320.0,1.2
175380.0,1.2
175440.0,1.2
175500.0,1.2
175560.0,1.2
175620.0,1.2
175680.0,1.2
175740.0,1.2
175800.0,1.2
175860.0,1.2
175920.0,1.2
175980.0,1.2
176040.0,1.2
176100.0,1.2
176160.0,1.2
176220.0,1.2
176280.0,1.2
176340.0,1.2
176400.0,1.2
176460.0,1.2
176520.0,1.2
176580.0,1.2
176640.0,1.2
176700.0,1.2
176760.0,1.2
176820.0,1.2
176880.0,1.2
176940.0,1.2
177000.0,1.2
177060.0,1.2
177120.0,1.2
177180.0,1.2
177240.0,1.2
177300.0,1.2
177360.0,1.2
177420.0,1.2
177480.0,1.2
177540.0,1.2
177600.0,1.2
177660.0,1.2
177720.0,1.2
177780.0,1.2
177840.0,1.2
177900.0,1.2
177960.0,1.2
178020.0,1.2
178080.0,1.2
178140.0,1.2
178200.0,1.2
178260.0,1.2
178320.0,1.2
178380.0,1.2
178440.0,1.2
178500.0,1.2
178560.0,1.2
178620.0,1.2
178680.0,1.2
178740.0,1.2
178800.0,1.2
178860.0,1.2
178920.0,1.2
178980.0,1.2
179040.0,1.2
179100.0,1.2
179160.0,1.2
179220.0,1.2
179280.0,1.2
179340.0,1.2
179400.0,1.2
179460.0,1.2
179520.0,1.2
179580.0,1.2
179640.0,1.2
179700.0,1.2
179760.0,1.2
179820.0,1.2
179880.0,1.2
179940.0,1.2
180000.0,1.2
180060.0,1.2
180120.0,1.2
180180.0,1.2
180240.0,1.2
180300.0,1.2
180360.0,1.2
180420.0,1.2
180480.0,1.2
180540.0,1.2
180600.0,1.2
180660.0,1.2
180720.0,1.2
180780.0,1.2
180840.0,1.2
180900.0,1.2
180960.0,1.2
181020.0,1.2
181080.0,1.2
181140.0,1.2
181200.0,1.2
181260.0,1.2
181320.0,1.2
181380.0,1.2
181440.0,1.2
181500.0,1.2
181560.0,1.2
181620.0,1.2
181680.0,1.2
181740.0,1.2
181800.0,1.2
181860.0,1.2
181920.0,1.2
181980.0,1.2
182040.0,1.2
182100.0,1.2
182160.0,1.2
182220.0,1.2
182280.0,1.2
182340.0,1.2
182400.0,1.2
182460.0,1.2
182520.0,1.2
182580.0,1.2
182640.0,1.2
182700.0,1.2
182760.0,1.2
182820.0,1.2
182880.0,1.2
182940.0,1.2
183000.0,1.2
183060.0,1.2
183120.0,1.2
183180.0,1.2
183240.0,1.2
183300.0,1.2
183360.0,1.2
183420.0,1.2
183480.0,1.2
183540.0,1.2
183600.0,1.2
183660.0,1.2
183720.0,1.2
183780.0,1.2
183840.0,1.2
183900.0,1.2
183915.72,1.2
