time_s,center_C_kg_per_kg
0.0,2.55
60.0,2.55
120.0,2.55
180.0,2.55
240.0,2.55
300.0,2.55
360.0,2.55
420.0,2.55
480.0,2.55
540.0,2.55
600.0,2.55
660.0,2.55
720.0,2.55
780.0,2.55
840.0,2.55
900.0,2.55
960.0,2.55
1020.0,2.55
1080.0,2.55
1140.0,2.55
1200.0,2.55
1260.0,2.55
1320.0,2.55
1380.0,2.55
1440.0,2.55
1500.0,2.55
1560.0,2.55
1620.0,2.55
1680.0,2.55
1740.0,2.55
1800.0,2.55
1860.0,2.55
1920.0,2.55
1980.0,2.55
2040.0,2.5499999999999994
2100.0,2.55
2160.0,2.5500000000000003
2220.0,2.549999999999999
2280.0,2.5499999999999994
2340.0,2.549999999999999
2400.0,2.549999999999995
2460.0,2.5499999999999847
2520.0,2.5499999999999585
2580.0,2.5499999999998906
2640.0,2.549999999999725
2700.0,2.5499999999993346
2760.0,2.5499999999984553
2820.0,2.5499999999965395
2880.0,2.5499999999925054
2940.0,2.5499999999842773
3000.0,2.5499999999679916
3060.0,2.5499999999366603
3120.0,2.5499999998779828
3180.0,2.54999999977085
3240.0,2.5499999995799083
3300.0,2.5499999992472935
3360.0,2.5499999986803084
3420.0,2.549999997733471
3480.0,2.549999996182826
3540.0,2.549999993689913
3600.0,2.549999989752149
3660.0,2.549999983635683
3720.0,2.5499999742863033
3780.0,2.5499999602126855
3840.0,2.54999993933556
3900.0,2.5499999087958245
3960.0,2.5499998647146405
4020.0,2.5499998018949497
4080.0,2.549999713459345
4140.0,2.5499995904134507
4200.0,2.5499994211279513
4260.0,2.549999190733281
4320.0,2.549998880417958
4380.0,2.54999846662055
4440.0,2.549997920112759
4500.0,2.5499972049621555
4560.0,2.5499962773811053
4620.0,2.5499950844931254
4680.0,2.5499935629995787
4740.0,2.5499916377226066
4800.0,2.5499892200293375
4860.0,2.549986206158715
4920.0,2.549982475489573
4980.0,2.5499778887673528
5040.0,2.5499722863609264
5100.0,2.5499654865120367
5160.0,2.549957283633498
5220.0,2.5499474468511365
5280.0,2.5499357185690252
5340.0,2.5499218127214593
5400.0,2.5499054130382457
5460.0,2.549886171665406
5520.0,2.5498637069309535
5580.0,2.5498376025880622
5640.0,2.549807406880139
5700.0,2.5497726313552826
5760.0,2.549732750536327
5820.0,2.5496872019649155
5880.0,2.549635385823705
5940.0,2.5495766648355214
6000.0,2.549510365869616
6060.0,2.549435781363878
6120.0,2.549352167670764
6180.0,2.549258742949306
6240.0,2.549154689767562
6300.0,2.5490391607410747
6360.0,2.5489112805521854
6420.0,2.5487701451390494
6480.0,2.54861482533659
6540.0,2.5484443731586053
6600.0,2.548257828538647
6660.0,2.5480542235753822
6720.0,2.547832579133759
6780.0,2.5475919038336983
6840.0,2.547331205703459
6900.0,2.54704949932156
6960.0,2.5467458040541873
7020.0,2.546419146905175
7080.0,2.5460685633368065
7140.0,2.5456930948910963
7200.0,2.545291799333436
7260.0,2.5448637601320145
7320.0,2.544408073242531
7380.0,2.5439238530068877
7440.0,2.5434102379386294
7500.0,2.5428664030939614
7560.0,2.542291564909131
7620.0,2.5416849759264326
7680.0,2.5410459162488825
7740.0,2.5403736866484996
7800.0,2.5396676221057835
7860.0,2.5389270975304234
7920.0,2.538151510208623
7980.0,2.5373402739260795
8040.0,2.536492812561333
8100.0,2.5356085597694187
8160.0,2.5346869932542755
8220.0,2.533727640796541
8280.0,2.532730079115432
8340.0,2.5316939052991447
8400.0,2.5306187167006406
8460.0,2.5295041339248607
8520.0,2.5283498318970747
8580.0,2.5271555401096557
8640.0,2.5259209997827536
8700.0,2.52464593458722
8760.0,2.5233300694617053
8820.0,2.5219731782634143
8880.0,2.520575098837008
8940.0,2.5191357117162854
9000.0,2.517654899470963
9060.0,2.5161325548927453
9120.0,2.5145686506834837
9180.0,2.5129631566397856
9240.0,2.511315981840075
9300.0,2.5096270739010187
9360.0,2.507896462930684
9420.0,2.5061242359752596
9480.0,2.5043104956094764
9540.0,2.502455342671425
9600.0,2.5005588750803573
9660.0,2.4986211629006525
9720.0,2.4966422789759126
9780.0,2.494622372883827
9840.0,2.4925616322736825
9900.0,2.4904602749578184
9960.0,2.488318612621699
10020.0,2.4861369645104276
10080.0,2.4839155926605105
10140.0,2.4816546870461074
10200.0,2.479354388929595
10260.0,2.477014890618408
10320.0,2.4746364188831684
10380.0,2.472219242529352
10440.0,2.4697637016049745
10500.0,2.4672701630907197
10560.0,2.464738942337772
10620.0,2.4621703716664527
10680.0,2.4595649000852706
10740.0,2.456922954171665
10800.0,2.4542447701736667
10860.0,2.4515304466449197
10920.0,2.4487800747399793
10980.0,2.4459937919017203
11040.0,2.4431717798893673
11100.0,2.4403143352731185
11160.0,2.437421891565597
11220.0,2.4344948707628284
11280.0,2.4315336310019613
11340.0,2.4285385879879473
11400.0,2.4255102610027075
11460.0,2.4224491186804444
11520.0,2.419355549719572
11580.0,2.4162298690620894
11640.0,2.4130724339444964
11700.0,2.4098837336893095
11760.0,2.4066642030217076
11820.0,2.4034142719084413
11880.0,2.4001344528321744
11940.0,2.3968251693963056
12000.0,2.3934866912948647
12060.0,2.3901193720085794
12120.0,2.3867236976507473
12180.0,2.3833000525913657
12240.0,2.3798486658823945
12300.0,2.3763698648435803
12360.0,2.3728642655278263
12420.0,2.3693326740690224
12480.0,2.365775872866917
12540.0,2.3621945210564546
12600.0,2.3585891055764483
12660.0,2.3549600748433535
12720.0,2.35130781828874
12780.0,2.3476325944524747
12840.0,2.343934667377061
12900.0,2.340214438648744
12960.0,2.3364722699158356
13020.0,2.3327084146801855
13080.0,2.328923172291996
13140.0,2.3251170806440142
13200.0,2.3212908087756774
13260.0,2.3174448044289675
13320.0,2.3135794190917625
13380.0,2.3096951174688445
13440.0,2.305792349463333
13500.0,2.3018714048594062
13560.0,2.2979324461221173
13620.0,2.29397575011576
13680.0,2.290001674918607
13740.0,2.2860107364645796
13800.0,2.2820034726120273
13860.0,2.2779802948126013
13920.0,2.2739417147737706
13980.0,2.2698883376498062
14040.0,2.2658205740953514
14100.0,2.2617384925177517
14160.0,2.2576420748055184
14220.0,2.2535313253652007
14280.0,2.2494063373611755
14340.0,2.245267409898472
14400.0,2.241114956239018
14460.0,2.2369496132582607
14520.0,2.232772104956825
14580.0,2.2285828857263836
14640.0,2.2243821990971218
14700.0,2.2201702461758246
14760.0,2.2159472401465563
14820.0,2.2117134141979435
14880.0,2.2074690182183283
14940.0,2.203214313990485
15000.0,2.198949571625743
15060.0,2.194675066781236
15120.0,2.190391078664861
15180.0,2.186097888947554
15240.0,2.1817957811907545
15300.0,2.1774850401833037
15360.0,2.1731659515990978
15420.0,2.1688388018460927
15480.0,2.164503877993763
15540.0,2.1601614677131837
15600.0,2.1558118592338618
15660.0,2.151455341332764
15720.0,2.147092203338914
15780.0,2.142722735191519
15840.0,2.1383472273854047
15900.0,2.1339659710132164
15960.0,2.129579257807616
16020.0,2.125187380117135
16080.0,2.1207906309891427
16140.0,2.116389304171051
16200.0,2.1119836941407915
16260.0,2.107574099609987
16320.0,2.1031608247923805
16380.0,2.098744170824299
16440.0,2.094324430224236
16500.0,2.089901885239145
16560.0,2.0854768087825812
16620.0,2.0810494637962322
16680.0,2.0766201035937115
16740.0,2.072188972186236
16800.0,2.067756304270667
16860.0,2.063322325070107
16920.0,2.0588872502571007
16980.0,2.054451285979495
17040.0,2.050014628907405
17100.0,2.0455774662569377
17160.0,2.0411399758008604
17220.0,2.0367023258862886
17280.0,2.0322646754636677
17340.0,2.0278271741210885
17400.0,2.023389962119929
17460.0,2.0189531704290964
17520.0,2.0145169207676217
17580.0,2.0100813256463375
17640.0,2.005646488409836
17700.0,2.0012125032807453
17760.0,1.9967794554065863
17820.0,1.9923474209078045
17880.0,1.9879164669259306
17940.0,1.9834866516718943
18000.0,1.9790580244862246
18060.0,1.974630627498743
18120.0,1.9702045013728544
18180.0,1.965779690977289
18240.0,1.961356245998886
18300.0,1.9569342201790887
18360.0,1.9525136709985962
18420.0,1.9480946599175462
18480.0,1.9436772526299344
18540.0,1.9392615191105593
18600.0,1.9348475335678974
18660.0,1.9304353744328933
18720.0,1.9260251243961286
18780.0,1.921616870450343
18840.0,1.9172107039154183
18900.0,1.9128067204519592
18960.0,1.9084050200744131
19020.0,1.9040057071662173
19080.0,1.899608890492777
19140.0,1.895214683213531
19200.0,1.8908232028889378
19260.0,1.8864345714843662
19320.0,1.882048915372553
19380.0,1.8776663653344405
19440.0,1.873287056557308
19500.0,1.868911128629788
19560.0,1.8645387255341122
19620.0,1.8601699956358848
19680.0,1.8558050916712803
19740.0,1.8514441707314158
19800.0,1.8470873941207633
19860.0,1.8427349104557755
19920.0,1.8383868330800472
19980.0,1.8340432445639892
20040.0,1.8297042342624568
20100.0,1.8253698954496178
20160.0,1.8210403171598915
20220.0,1.816715588547366
20280.0,1.8123957996648303
20340.0,1.8080810406795955
20400.0,1.803771401521399
20460.0,1.7994669719912086
20520.0,1.7951678419566213
20580.0,1.7908741013629768
20640.0,1.7865858401982488
20700.0,1.7823031484847278
20760.0,1.7780261162881055
20820.0,1.7737548337288866
20880.0,1.7694893909893175
20940.0,1.7652298783216422
21000.0,1.7609763860431473
21060.0,1.7567290045511739
21120.0,1.7524878243237243
21180.0,1.7482529359196997
21240.0,1.744024429980364
21300.0,1.73980239723148
21360.0,1.7355869284847112
21420.0,1.7313781146378784
21480.0,1.727176046674398
21540.0,1.7229808156622024
21600.0,1.7187925127522443
21660.0,1.7146112428300544
21720.0,1.7104370855351865
21780.0,1.7062701483642557
21840.0,1.7021105262372067
21900.0,1.6979583090355
21960.0,1.693813580785933
22020.0,1.6896764213701445
22080.0,1.6855469053809946
22140.0,1.6814251027326799
22200.0,1.6773110787855103
22260.0,1.673204894328653
22320.0,1.6691066055505221
22380.0,1.665016264065213
22440.0,1.6609339169713886
22500.0,1.6568596069060797
22560.0,1.6527933720853447
22620.0,1.6487352463418585
22680.0,1.6446852591664374
22740.0,1.6406434357526503
22800.0,1.6366097970404856
22860.0,1.6325843597637613
22920.0,1.6285671364853445
22980.0,1.6245581356514676
23040.0,1.620557361630842
23100.0,1.6165648147570622
23160.0,1.612580491372079
23220.0,1.6086043838705466
23280.0,1.6046364807434366
23340.0,1.6006767666205488
23400.0,1.596725222416379
23460.0,1.5927818267906932
23520.0,1.5888465611359668
23580.0,1.5849194106727427
23640.0,1.5810003641050654
23700.0,1.577089411833841
23760.0,1.5731865462737329
23820.0,1.5692917622672264
23880.0,1.5654050571861762
23940.0,1.5615264307939791
24000.0,1.5576558851287483
24060.0,1.553793424486341
24120.0,1.5499390554385797
24180.0,1.5460927868296497
24240.0,1.5422546297502573
24300.0,1.5384245975103155
24360.0,1.5346027056190363
24420.0,1.5307889717688474
24480.0,1.5269834158161095
24540.0,1.5231860597641016
24600.0,1.5193969277381827
24660.0,1.515616045967211
24720.0,1.5118434427639276
24780.0,1.5080791485044682
24840.0,1.504323195606795
24900.0,1.5005756185089412
24960.0,1.496836453647366
25020.0,1.4931057394350928
25080.0,1.489383516239337
25140.0,1.4856698263586268
25200.0,1.481964713235246
25260.0,1.4782682124286806
25320.0,1.474580328801327
25380.0,1.4709010509794374
25440.0,1.4672303748147721
25500.0,1.4635682994873347
25560.0,1.459914824605253
25620.0,1.4562699527704854
25680.0,1.4526336894773333
25740.0,1.4490060426435665
25800.0,1.4453870224278402
25860.0,1.4417766413235815
25920.0,1.4381749142103384
25980.0,1.4345818583313672
26040.0,1.4309974932374967
26100.0,1.4274218407473225
26160.0,1.4238549249270536
26220.0,1.4202967720717918
26280.0,1.4167474106798075
26340.0,1.4132068714229504
26400.0,1.4096751871176176
26460.0,1.4061523926969546
26520.0,1.4026385251829216
26580.0,1.399133623657392
26640.0,1.395637729232413
26700.0,1.3921508850202575
26760.0,1.3886731361030236
26820.0,1.385204529501133
26880.0,1.381745114139238
26940.0,1.378294940816448
27000.0,1.3748540621710474
27060.0,1.3714225309473893
27120.0,1.3680003959782796
27180.0,1.3645877003609481
27240.0,1.3611844821631154
27300.0,1.3577907751979568
27360.0,1.3544066091842124
27420.0,1.3510320095750934
27480.0,1.3476669974823972
27540.0,1.3443115897604483
27600.0,1.3409657991212065
27660.0,1.337629634203261
27720.0,1.334303099609923
27780.0,1.330986195951366
27840.0,1.327678919899905
27900.0,1.3243812642492716
27960.0,1.3210932179706443
28020.0,1.3178147662656714
28080.0,1.314545890619207
28140.0,1.3112865688527542
28200.0,1.308036775177961
28260.0,1.3047964802489929
28320.0,1.3015656512143337
28380.0,1.2983442517688775
28440.0,1.2951322422089937
28500.0,1.291929579478419
28560.0,1.2887362172167938
28620.0,1.2855521058094708
28680.0,1.2823771924367169
28740.0,1.279211421120932
28800.0,1.2760547327698522
28860.0,1.2729070647236231
28920.0,1.2697683521030372
28980.0,1.2666385318400508
29040.0,1.2635175455225125
29100.0,1.2604053394148176
29160.0,1.257301863495726
29220.0,1.2542070714079392
29280.0,1.2511209206487084
29340.0,1.2480433726451345
29400.0,1.2449743926647554
29460.0,1.2419139497019944
29520.0,1.2388620164169852
29580.0,1.2358185691063912
29640.0,1.2327835876690112
29700.0,1.2297570555578172
29760.0,1.2267389597285447
29820.0,1.2237292905920938
29880.0,1.2207280419704258
29940.0,1.2177352110523845
30000.0,1.2147507983477426
30060.0,1.2117748076377677
30120.0,1.2088072459332846
30180.0,1.2058481234301845
30240.0,1.202897453463092
30300.0,1.1999552524585064
30360.0,1.197021539888611
30420.0,1.194096338225398
30480.0,1.1911796728942994
30540.0,1.1882715722271084
30600.0,1.1853720674044472
30660.0,1.1824811879030437
30720.0,1.1795989549609367
30780.0,1.1767253816425736
30840.0,1.1738604769693806
30900.0,1.1710042480869833
30960.0,1.1681566999934156
31020.0,1.1653178348016673
31080.0,1.1624876517665181
31140.0,1.1596661473687448
31200.0,1.156853315443226
31260.0,1.154049147242478
31320.0,1.1512536314674295
31380.0,1.1484667543264926
31440.0,1.14568849955193
31500.0,1.1429188484434782
31560.0,1.1401577797517264
31620.0,1.1374052698874528
31680.0,1.1346612929856486
31740.0,1.1319258209054448
31800.0,1.1291988232374233
31860.0,1.1264802673397325
31920.0,1.1237701183841935
31980.0,1.1210683393955
32040.0,1.1183748912840807
32100.0,1.1156897328777504
32160.0,1.1130128209581165
32220.0,1.1103441102915181
32280.0,1.107683553661404
32340.0,1.1050311019006058
32400.0,1.1023867039231814
32460.0,1.0997503071617818
32520.0,1.097121859266712
32580.0,1.0945013100434564
32640.0,1.0918886120689646
32700.0,1.0892837203345074
32760.0,1.0866865918960318
32820.0,1.084097185945629
32880.0,1.0815154639608933
32940.0,1.0789413896872573
33000.0,1.0763749290483327
33060.0,1.0738160500855538
33120.0,1.0712647229378747
33180.0,1.0687209198280831
33240.0,1.0661846150375076
33300.0,1.063655784873687
33360.0,1.0611344076396363
33420.0,1.0586204636066188
33480.0,1.0561139349880342
33540.0,1.0536148059126917
33600.0,1.0511230623978618
33660.0,1.048638692322432
33720.0,1.0461616853999973
33780.0,1.0436920331504174
33840.0,1.0412297288758428
33900.0,1.0387747676350234
33960.0,1.0363271462166261
34020.0,1.0338868631125417
34080.0,1.0314539184918456
34140.0,1.0290283141750978
34200.0,1.0266100535992468
34260.0,1.02419913791183
34320.0,1.0217955604098707
34380.0,1.0193993082343165
34440.0,1.0170103673066067
34500.0,1.0146287247144161
34560.0,1.0122543677909488
34620.0,1.009887283166108
34680.0,1.007527456723893
34740.0,1.0051748740124655
34800.0,1.0028295203599629
34860.0,1.0004913808004363
34920.0,0.9981604400362096
34980.0,0.9958366824395041
35040.0,0.9935200920667029
35100.0,0.9912106526691444
35160.0,0.9889083476990277
35220.0,0.9866131603136474
35280.0,0.9843250733799072
35340.0,0.9820440694826927
35400.0,0.9797701309276906
35460.0,0.9775032397470667
35520.0,0.9752433776867088
35580.0,0.9729905262303262
35640.0,0.9707446666071944
35700.0,0.968505779792675
35760.0,0.9662738465095274
35820.0,0.9640488472324367
35880.0,0.9618307621936522
35940.0,0.9596195713878359
36000.0,0.9574152545770742
36060.0,0.9552177916738523
36120.0,0.9530271633132199
36180.0,0.9508433507802524
36240.0,0.9486663355149779
36300.0,0.9464960988739308
36360.0,0.9443326222308882
36420.0,0.9421758870811929
36480.0,0.9400258750598631
36540.0,0.9378825678784443
36600.0,0.9357459473043899
36660.0,0.9336159951736253
36720.0,0.9314926934002018
36780.0,0.9293760239740355
36840.0,0.9272659689606997
36900.0,0.9251625104994223
36960.0,0.9230656308018123
37020.0,0.9209753121511215
37080.0,0.9188915369007847
37140.0,0.9168142874742669
37200.0,0.9147435463642589
37260.0,0.9126792961363549
37320.0,0.9106215194235067
37380.0,0.9085701989245695
37440.0,0.9065253174046695
37500.0,0.9044868576953712
37560.0,0.9024548026940269
37620.0,0.9004291353628447
37680.0,0.8984098387281335
37740.0,0.8963968958797406
37800.0,0.8943902899735602
37860.0,0.8923900054047349
37920.0,0.8903960288542221
37980.0,0.8884083481924723
38040.0,0.886426950644794
38100.0,0.8844518225559015
38160.0,0.8824829494740982
38220.0,0.8805203163189685
38280.0,0.8785639074091812
38340.0,0.8766137064471258
38400.0,0.8746696965112126
38460.0,0.8727318600701531
38520.0,0.8708001789904669
38580.0,0.868874634550015
38640.0,0.8669552074100966
38700.0,0.8650418776663545
38760.0,0.8631346248645579
38820.0,0.861233428001199
38880.0,0.8593382655259583
38940.0,0.8574491153510635
39000.0,0.8555659548630205
39060.0,0.8536887609327872
39120.0,0.8518175099243526
39180.0,0.8499521777031203
39240.0,0.8480927396447021
39300.0,0.8462391706438464
39360.0,0.8443914451230893
39420.0,0.842549537041197
39480.0,0.8407134199015985
39540.0,0.8388830667613254
39600.0,0.8370584502355592
39660.0,0.8352395414595535
39720.0,0.8334263092238233
39780.0,0.831618721625736
39840.0,0.8298167479673012
39900.0,0.8280203593364186
39960.0,0.8262295282193932
40020.0,0.8244442282115809
40080.0,0.8226644340264314
40140.0,0.8208901215852181
40200.0,0.8191212679876582
40260.0,0.8173578515222164
40320.0,0.8155998516458819
40380.0,0.8138472489513795
40440.0,0.8121000252211003
40500.0,0.8103581633321381
40560.0,0.8086216472300212
40620.0,0.8068904619306194
40680.0,0.8051645935177245
40740.0,0.8034440291273724
40800.0,0.8017287569278059
40860.0,0.8000187661024197
40920.0,0.7983140468356095
40980.0,0.7966145902988072
41040.0,0.794920388635606
41100.0,0.7932314349464928
41160.0,0.7915477232739639
41220.0,0.7898692485878789
41280.0,0.78819600677067
41340.0,0.7865279946015059
41400.0,0.7848652097373838
41460.0,0.7832076484088919
41520.0,0.7815553021691433
41580.0,0.7799081589529082
41640.0,0.7782662060188288
41700.0,0.7766294313552528
41760.0,0.7749978231306361
41820.0,0.7733713691320779
41880.0,0.7717500567418065
41940.0,0.7701338731792422
42000.0,0.7685228055678169
42060.0,0.7669168408923686
42120.0,0.7653159659764219
42180.0,0.7637201674824639
42240.0,0.7621294319198422
42300.0,0.7605437456507521
42360.0,0.7589630948933761
42420.0,0.7573874657240305
42480.0,0.7558168440794664
42540.0,0.7542512157610841
42600.0,0.7526905664364886
42660.0,0.7511348816424622
42720.0,0.7495841467790598
42780.0,0.7480383471213752
42840.0,0.7464974678234734
42900.0,0.7449614939188695
42960.0,0.743430410321393
43020.0,0.7419042018275932
43080.0,0.7403828531196772
43140.0,0.738866348768098
43200.0,0.7373546732337064
43260.0,0.7358478192042567
43320.0,0.7343457563024811
43380.0,0.7328484804822636
43440.0,0.7313559803504975
43500.0,0.7298682415398802
43560.0,0.7283852523368096
43620.0,0.7269069983492905
43680.0,0.7254334651323593
43740.0,0.7239646384427975
43800.0,0.7225005040353316
43860.0,0.721041047478133
43920.0,0.719586254104238
43980.0,0.7181361090313266
44040.0,0.7166905971848646
44100.0,0.7152497033072179
44160.0,0.7138134119591704
44220.0,0.7123817075210469
44280.0,0.71095457419543
44340.0,0.7095319960107513
44400.0,0.7081139568308091
44460.0,0.7067004403359722
44520.0,0.705291430067577
44580.0,0.7038869093871529
44640.0,0.7024868614980453
44700.0,0.7010912694530378
44760.0,0.699700116156332
44820.0,0.698313384364071
44880.0,0.6969310566865751
44940.0,0.6955531155919108
45000.0,0.6941795434458652
45060.0,0.6928103229167986
45120.0,0.6914454377492066
45180.0,0.6900848723176303
45240.0,0.6887286111629176
45300.0,0.6873766388262618
45360.0,0.6860289398597283
45420.0,0.6846854988650687
45480.0,0.6833463005084838
45540.0,0.6820113295179845
45600.0,0.6806805706782327
45660.0,0.6793540088284019
45720.0,0.6780316288621713
45780.0,0.6767134157280794
45840.0,0.6753993544295523
45900.0,0.6740894300246899
45960.0,0.6727836276241087
46020.0,0.6714819323978298
46080.0,0.6701843295618731
46140.0,0.668890804392318
46200.0,0.6676013422191684
46260.0,0.6663159284246976
46320.0,0.6650345484436392
46380.0,0.6637571877638537
46440.0,0.662483831926431
46500.0,0.6612144665253447
46560.0,0.6599490772071108
46620.0,0.6586876496706129
46680.0,0.6574301696669924
46740.0,0.6561766229995118
46800.0,0.6549269954835206
46860.0,0.6536812725265599
46920.0,0.6524394384586358
46980.0,0.6512014770145442
47040.0,0.6499673722912273
47100.0,0.648737108813287
47160.0,0.6475106714681734
47220.0,0.6462880454513277
47280.0,0.6450692162551894
47340.0,0.6438541696643163
47400.0,0.6426428917980735
47460.0,0.6414353690338945
47520.0,0.6402315880821723
47580.0,0.6390315359477509
47640.0,0.6378351999176448
47700.0,0.6366425675596227
47760.0,0.635453626723333
47820.0,0.6342683655380466
47880.0,0.6330867724078512
47940.0,0.6319088360069788
48000.0,0.6307345452761306
48060.0,0.6295638894191969
48120.0,0.6283968578998056
48180.0,0.6272334404376751
48240.0,0.6260736270049844
48300.0,0.6249174078228438
48360.0,0.6237647733578291
48420.0,0.6226157143185362
48480.0,0.6214702216521371
48540.0,0.620328286540963
48600.0,0.619189900406611
48660.0,0.6180550549581465
48720.0,0.6169237421734969
48780.0,0.6157959539108785
48840.0,0.6146716816365664
48900.0,0.6135509164490717
48960.0,0.6124336490417905
49020.0,0.6113198698351539
49080.0,0.6102095689346206
49140.0,0.6091027360790277
49200.0,0.6079993607279424
49260.0,0.6068994319849669
49320.0,0.6058029386423129
49380.0,0.6047098691947467
49440.0,0.6036202118414044
49500.0,0.6025339544854185
49560.0,0.6014510847375527
49620.0,0.6003715899225194
49680.0,0.5992954570849726
49740.0,0.5982226729943563
49800.0,0.5971532241493395
49860.0,0.5960870967824454
49920.0,0.5950242768648627
49980.0,0.5939647501111955
50040.0,0.5929085019840713
50100.0,0.5918555176986419
50160.0,0.5908057822270408
50220.0,0.589759280302794
50280.0,0.5887159964251667
50340.0,0.5876759148634427
50400.0,0.5866390196379792
50460.0,0.5856052943234682
50520.0,0.5845747217738273
50580.0,0.583547284816513
50640.0,0.5825229668069161
50700.0,0.5815017517853793
50760.0,0.5804836242771998
50820.0,0.5794685692817085
50880.0,0.5784565723449979
50940.0,0.5774476194415068
51000.0,0.5764416970978394
51060.0,0.5754387923286978
51120.0,0.5744388926152524
51180.0,0.5734419859024
51240.0,0.5724480606008062
51300.0,0.5714571055832737
51360.0,0.5704691101766909
51420.0,0.569484064154147
51480.0,0.5685019577287644
51540.0,0.5675227815482432
51600.0,0.5665465266891195
51660.0,0.5655731846506953
51720.0,0.5646027473489886
51780.0,0.5636352071108535
51840.0,0.5626705566682217
51900.0,0.5617087891523623
51960.0,0.5607498980881561
52020.0,0.5597938773885369
52080.0,0.5588407213483514
52140.0,0.5578904246398293
52200.0,0.5569429822650214
52260.0,0.5559983890678408
52320.0,0.5550566384218804
52380.0,0.5541177226545033
52440.0,0.5531816338082919
52500.0,0.5522483641252656
52560.0,0.5513179057540524
52620.0,0.5503902506302133
52680.0,0.549465390496993
52740.0,0.5485433169944752
52800.0,0.5476240216389859
52860.0,0.5467074958454601
52920.0,0.5457937309047428
52980.0,0.544882717984487
53040.0,0.5439744481343861
53100.0,0.5430689122902591
53160.0,0.5421661012802774
53220.0,0.5412660058121643
53280.0,0.5403686165019296
53340.0,0.5394739238469574
53400.0,0.5385819182401218
53460.0,0.5376925899747004
53520.0,0.5368059292455346
53580.0,0.5359219261492231
53640.0,0.5350405706854474
53700.0,0.5341618527591889
53760.0,0.5332857621829105
53820.0,0.5324122886783805
53880.0,0.5315414218783442
53940.0,0.5306731513282382
54000.0,0.5298074664804038
54060.0,0.5289443566256264
54120.0,0.5280838108648042
54180.0,0.527225818316885
54240.0,0.5263703683565
54300.0,0.5255174506241368
54360.0,0.5246670550042207
54420.0,0.523819171609045
54480.0,0.5229737907748683
54540.0,0.5221309030541458
54600.0,0.5212904992437546
54660.0,0.520452570327983
54720.0,0.5196171075338931
54780.0,0.5187841023037497
54840.0,0.5179535462862511
54900.0,0.5171254313354288
54960.0,0.5162997495114494
55020.0,0.5154764930790555
55080.0,0.5146556545041705
55140.0,0.5138372264505776
55200.0,0.5130212017772979
55260.0,0.5122075735362613
55320.0,0.5113963349698548
55380.0,0.5105874795083356
55440.0,0.5097810007672521
55500.0,0.508976892544934
55560.0,0.508175148820032
55620.0,0.5073757637490668
55680.0,0.5065787316639843
55740.0,0.5057840470697256
55800.0,0.5049917046226441
55860.0,0.5042016989260287
55920.0,0.5034140240166505
55980.0,0.5026286734873359
56040.0,0.5018456407703884
56100.0,0.5010649192722143
56160.0,0.5002865023207466
56220.0,0.4995103831386234
56280.0,0.4987365548376165
56340.0,0.4979650104294178
56400.0,0.4971957428322692
56460.0,0.4964287448729261
56520.0,0.4956640092904297
56580.0,0.49490152872526877
56640.0,0.49414129574292753
56700.0,0.4933833028119833
56760.0,0.49262754231564454
56820.0,0.49187400655569197
56880.0,0.491122687753347
56940.0,0.4903735780493751
57000.0,0.48962666950513184
57060.0,0.48888195410433577
57120.0,0.48813942375480407
57180.0,0.4873990702899017
57240.0,0.48666088546986597
57300.0,0.48592486098317
57360.0,0.4851909884479352
57420.0,0.48445925941332874
57480.0,0.48372966536092593
57540.0,0.48300219770604363
57600.0,0.4822768477887366
57660.0,0.48155360678350406
57720.0,0.48083246555478026
57780.0,0.4801134149715408
57840.0,0.4793964460960481
57900.0,0.4786815502558727
57960.0,0.47796871900687926
58020.0,0.4772579441138683
58080.0,0.47654921754641155
58140.0,0.4758425314798441
58200.0,0.475137878294934
58260.0,0.4744352505756014
58320.0,0.47373464110597396
58380.0,0.4730360428675862
58440.0,0.47233944903005093
58500.0,0.4716448529740054
58560.0,0.4709522482415159
58620.0,0.47026162858422343
58680.0,0.46957298793973434
58740.0,0.46888632042405287
58800.0,0.46820162033053403
58860.0,0.46751888213050674
58920.0,0.4668381004719114
58980.0,0.4661592701763598
59040.0,0.46548238623623955
59100.0,0.4648074438124109
59160.0,0.4641344382321537
59220.0,0.463463364987014
59280.0,0.46279421973052903
59340.0,0.4621269982759571
59400.0,0.4614616965802314
59460.0,0.46079831059142673
59520.0,0.4601368358421158
59580.0,0.4594772674813374
59640.0,0.4588196004518077
59700.0,0.4581638296017223
59760.0,0.4575099496339138
59820.0,0.45685795511045274
59880.0,0.45620784043772833
59940.0,0.45555959987345207
60000.0,0.4549132275332466
60060.0,0.45426871739404134
60120.0,0.45362606330063726
60180.0,0.45298525894959146
60240.0,0.45234629792438824
60300.0,0.4517091736621273
60360.0,0.45107387947061
60420.0,0.45044040853408013
60480.0,0.4498087539143517
60540.0,0.4491789085507622
60600.0,0.44855086526152915
60660.0,0.4479246167461997
60720.0,0.4473001555880569
60780.0,0.4466774742560902
60840.0,0.44605656510678077
60900.0,0.4454374203859415
60960.0,0.44482003223062866
61020.0,0.44420439267103523
61080.0,0.4435904936323265
61140.0,0.4429783269364319
61200.0,0.4423678842929279
61260.0,0.4417591572041668
61320.0,0.4411521368120413
61380.0,0.4405468142342318
61440.0,0.4399431807561722
61500.0,0.4393412279156152
61560.0,0.4387409474602905
61620.0,0.43814233132759023
61680.0,0.43754537164092205
61740.0,0.4369500607114896
61800.0,0.43635639103849616
61860.0,0.4357643553071932
61920.0,0.435173946386222
61980.0,0.43458515732512676
62040.0,0.4339979813459219
62100.0,0.4334124118642763
62160.0,0.43282844244415764
62220.0,0.4322460668421525
62280.0,0.43166527898594337
62340.0,0.4310860729675029
62400.0,0.4305084430422776
62460.0,0.42993238362991254
62520.0,0.4293578893131524
62580.0,0.42878495483530216
62640.0,0.4282135750977242
62700.0,0.4276437451578877
62760.0,0.42707546022764603
62820.0,0.4265087156714256
62880.0,0.4259435070043077
62940.0,0.4253798298901122
63000.0,0.42481768009601295
63060.0,0.4242570530575981
63120.0,0.42369794291775703
63180.0,0.42314034312260473
63240.0,0.42258424721659976
63300.0,0.4220296490716568
63360.0,0.4214765428304862
63420.0,0.4209249227227629
63480.0,0.4203747831088827
63540.0,0.4198261185086961
63600.0,0.4192789236071592
63660.0,0.41873319324843783
63720.0,0.41818892243010714
63780.0,0.41764610630026316
63840.0,0.4171047401560999
63900.0,0.41656481944254525
63960.0,0.416026339745516
64020.0,0.4154892968091395
64080.0,0.41495368649858705
64140.0,0.4144195048362453
64200.0,0.41388674798411423
64260.0,0.41335541223823496
64320.0,0.41282549402798546
64380.0,0.41229698991662656
64440.0,0.41176989660035673
64500.0,0.4112442109061872
64560.0,0.4107199297898433
64620.0,0.41019705033411213
64680.0,0.4096755697473713
64740.0,0.4091554853620397
64800.0,0.4086367946330812
64860.0,0.4081194992542411
64920.0,0.4076035867531598
64980.0,0.40708905774915655
65040.0,0.40657590878976474
65100.0,0.4060641363634674
65160.0,0.40555373626460206
65220.0,0.4050447050016084
65280.0,0.4045370383555356
65340.0,0.40403073214956764
65400.0,0.4035257822729927
65460.0,0.4030221846103474
65520.0,0.40251993499498046
65580.0,0.4020190292037832
65640.0,0.40151946295568713
65700.0,0.4010212319323992
65760.0,0.4005243317652344
65820.0,0.4000287580417411
65880.0,0.39953450630640547
65940.0,0.3990415720607118
66000.0,0.39854995076345523
66060.0,0.3980596378314825
66120.0,0.39757062864055237
66180.0,0.39708291852609245
66240.0,0.3965965027838685
66300.0,0.3961113766706441
66360.0,0.39562753540486456
66420.0,0.395144974167346
66480.0,0.39466368810192815
66540.0,0.39418367231620116
66600.0,0.3937049218883766
66660.0,0.3932274319647857
66720.0,0.39275119800147457
66780.0,0.39227621566306703
66840.0,0.39180248063612383
66900.0,0.3913299885867642
66960.0,0.3908587351589497
67020.0,0.3903887160503395
67080.0,0.3899199269897217
67140.0,0.38945236371954134
67200.0,0.3889860219908814
67260.0,0.388520897572392
67320.0,0.38805698624997537
67380.0,0.38759428382766314
67440.0,0.3871327861267373
67500.0,0.38667248898526324
67560.0,0.38621338825800494
67620.0,0.385755479815745
67680.0,0.3852987595476971
67740.0,0.384843223357216
67800.0,0.3843888671662127
67860.0,0.38393568691291663
67920.0,0.38348367855151416
67980.0,0.3830328380522998
68040.0,0.38258316140184756
68100.0,0.38213464460297486
68160.0,0.3816872836746011
68220.0,0.38124107465163654
68280.0,0.3807960135849193
68340.0,0.38035209654116353
68400.0,0.3799093196028942
68460.0,0.3794676788683725
68520.0,0.37902717045152085
68580.0,0.3785877904818557
68640.0,0.37814953510441807
68700.0,0.3777124004797073
68760.0,0.3772763827836111
68820.0,0.37684147820733943
68880.0,0.3764076829573503
68940.0,0.3759749932552961
69000.0,0.37554340533793856
69060.0,0.37511291545709163
69120.0,0.3746835198795576
69180.0,0.3742552148870569
69240.0,0.3738279967761681
69300.0,0.37340186185825064
69360.0,0.3729768064593947
69420.0,0.37255282692034997
69480.0,0.3721299195964605
69540.0,0.37170808085759593
69600.0,0.3712873070881014
69660.0,0.3708675946867177
69720.0,0.3704489400665271
69780.0,0.37003133965489204
69840.0,0.3696147898933901
69900.0,0.3691992872377565
69960.0,0.36878482815781116
70020.0,0.36837140913741195
70080.0,0.3679590266743861
70140.0,0.36754767728047044
70200.0,0.36713735748124454
70260.0,0.36672806381608475
70320.0,0.36631979283808763
70380.0,0.36591254111402016
70440.0,0.3655063052242596
70500.0,0.3651010817627341
70560.0,0.36469686733686674
70620.0,0.3642936585675071
70680.0,0.3638914520888877
70740.0,0.3634902445485571
70800.0,0.3630900326073251
70860.0,0.362690812939199
70920.0,0.36229258223133853
70980.0,0.3618953371839862
71040.0,0.36149907451041596
71100.0,0.36110379093688133
71160.0,0.3607094832025533
71220.0,0.3603161480594721
71280.0,0.35992378227247923
71340.0,0.3595323826191768
71400.0,0.35914194588986537
71460.0,0.3587524688874879
71520.0,0.3583639484275761
71580.0,0.35797638133819676
71640.0,0.3575897644598992
71700.0,0.3572040946456593
71760.0,0.3568193687608276
71820.0,0.35643558368307493
71880.0,0.3560527363023403
71940.0,0.35567082352077733
72000.0,0.3552898422527019
72060.0,0.35490978942454043
72120.0,0.35453066197477695
72180.0,0.3541524568539014
72240.0,0.3537751710243585
72300.0,0.3533988014604957
72360.0,0.35302334514851236
72420.0,0.3526487990864086
72480.0,0.35227516028393463
72540.0,0.35190242576254044
72600.0,0.35153059255532465
72660.0,0.35115965770698565
72720.0,0.350789618273771
72780.0,0.35042047132342735
72840.0,0.3500522139351521
72900.0,0.3496848431995437
72960.0,0.3493183562185519
73020.0,0.3489527501054301
73080.0,0.34858802198468625
73140.0,0.3482241689920344
73200.0,0.3478611882743464
73260.0,0.34749907698960464
73320.0,0.3471378323068535
73380.0,0.3467774514061524
73440.0,0.3464179314785279
73500.0,0.3460592697259274
73560.0,0.345701463361171
73620.0,0.3453445096079064
73680.0,0.34498840570056083
73740.0,0.34463314888429564
73800.0,0.34427873641496004
73860.0,0.343925165559045
73920.0,0.34357243359363776
73980.0,0.3432205378063764
74040.0,0.342869475495404
74100.0,0.342519243969324
74160.0,0.34216984054758665
74220.0,0.3418212625589612
74280.0,0.34147350734394366
74340.0,0.3411265722521667
74400.0,0.340780454643637
74460.0,0.3404351518887358
74520.0,0.34009066136806576
74580.0,0.3397469804723335
74640.0,0.3394041066022916
74700.0,0.3390620371687054
74760.0,0.3387207695923181
74820.0,0.33838030130380886
74880.0,0.3380406297437493
74940.0,0.33770175236256045
75000.0,0.3373636666204698
75060.0,0.33702636998747004
75120.0,0.33668985994327655
75180.0,0.3363541339772865
75240.0,0.33601918958853705
75300.0,0.3356850242856638
75360.0,0.33535163558685993
75420.0,0.33501902101983555
75480.0,0.33468717812177634
75540.0,0.33435610443930347
75600.0,0.334025797528433
75660.0,0.3336962549545357
75720.0,0.33336747429229713
75780.0,0.3330394531256776
75840.0,0.3327121890478727
75900.0,0.33238567966127375
75960.0,0.3320599225774285
76020.0,0.3317349154170017
76080.0,0.3314106558097365
76140.0,0.33108714139441564
76200.0,0.3307643698188227
76260.0,0.3304423387397035
76320.0,0.33012104582272817
76380.0,0.3298004887424528
76440.0,0.32948066518228175
76500.0,0.3291615728344294
76560.0,0.32884320939988315
76620.0,0.3285255725883655
76680.0,0.3282086601182973
76740.0,0.3278924697167603
76800.0,0.3275769991194599
76860.0,0.32726224607068927
76920.0,0.3269482083232921
76980.0,0.3266348836386263
77040.0,0.3263222697865278
77100.0,0.3260103645452745
77160.0,0.3256991657015502
77220.0,0.32538867105040875
77280.0,0.3250788783952386
77340.0,0.3247697855477275
77400.0,0.32446139031147214
77460.0,0.3241536902729437
77520.0,0.32384668253068927
77580.0,0.3235403639719079
77640.0,0.3232347315617454
77700.0,0.32292978243188275
77760.0,0.3226255138662978
77820.0,0.3223219232758843
77880.0,0.3220190081894633
77940.0,0.3217167662547697
78000.0,0.3214151952402458
78060.0,0.321114293034789
78120.0,0.32081405764627813
78180.0,0.3205144871999805
78240.0,0.32021557993240124
78300.0,0.3199173342070565
78360.0,0.3196197484839856
78420.0,0.31932282134968165
78480.0,0.31902655150099035
78540.0,0.3187309377419352
78600.0,0.31843597898405573
78660.0,0.31814167424689005
78720.0,0.317848022657045
78780.0,0.3175550234465493
78840.0,0.3172626759514074
78900.0,0.3169709796104932
78960.0,0.3166799339645187
79020.0,0.3163895386549067
79080.0,0.31609979342260164
79140.0,0.31581069810688867
79200.0,0.31552225261823535
79260.0,0.315234456565509
79320.0,0.31494730850709396
79380.0,0.3146608063288933
79440.0,0.3143749478674218
79500.0,0.31408973111756755
79560.0,0.3138051541220131
79620.0,0.31352121489716
79680.0,0.31323791144563123
79740.0,0.3129552417756661
79800.0,0.3126732039073693
79860.0,0.3123917958710626
79920.0,0.3121110157049218
79980.0,0.31183086145415956
80040.0,0.3115513311711547
80100.0,0.3112724229156835
80160.0,0.31099413475498056
80220.0,0.3107164647636882
80280.0,0.31043941102379513
80340.0,0.3101629716245923
80400.0,0.3098871446626434
80460.0,0.30961192824175615
80520.0,0.3093373204729524
80580.0,0.3090633194744366
80640.0,0.30878992337156397
80700.0,0.30851713029680866
80760.0,0.30824493838973394
80820.0,0.3079733457969606
80880.0,0.3077023506721365
80940.0,0.30743195117590605
81000.0,0.3071621454327458
81060.0,0.3068929309724366
81120.0,0.30662430398325924
81180.0,0.3063562599967508
81240.0,0.30608879463306654
81300.0,0.3058219038351467
81360.0,0.305555583835543
81420.0,0.3052898310920963
81480.0,0.30502464226526166
81540.0,0.3047600142214451
81600.0,0.30449594403871183
81660.0,0.30423242900730674
81720.0,0.30396946662699675
81780.0,0.30370705460406777
81840.0,0.30344519084049
81900.0,0.30318387346177167
81960.0,0.3029231007634597
82020.0,0.3026628712639319
82080.0,0.3024031836761703
82140.0,0.3021440369022769
82200.0,0.3018854300341822
82260.0,0.30162736235460824
82320.0,0.3013698333355489
82380.0,0.30111284263548344
82440.0,0.3008563900969361
82500.0,0.3006004757446369
82560.0,0.3003450997838013
82620.0,0.30009026259824273
82680.0,0.2998359647483641
82740.0,0.29958220696915666
82800.0,0.29932899013389885
82860.0,0.29907631475854524
82920.0,0.298824179997263
82980.0,0.29857258411800947
83040.0,0.2983215253155791
83100.0,0.29807100198870307
83160.0,0.2978210125947719
83220.0,0.2975715555539979
83280.0,0.29732262926431047
83340.0,0.2970742321266309
83400.0,0.2968263625532426
83460.0,0.2965790189657737
83520.0,0.296332199792146
83580.0,0.296085903465507
83640.0,0.2958401284244025
83700.0,0.2955948731130953
83760.0,0.2953501359816639
83820.0,0.2951059154859563
83880.0,0.29486221008752733
83940.0,0.29461901825359815
84000.0,0.29437633845703487
84060.0,0.29413416917632895
84120.0,0.2938925088955747
84180.0,0.2936513561044453
84240.0,0.29341070929816815
84300.0,0.2931705669775015
84360.0,0.29293092764871076
84420.0,0.2926917898235448
84480.0,0.292453152019213
84540.0,0.2922150127583621
84600.0,0.2919773705310238
84660.0,0.2917402233021275
84720.0,0.2915035678527717
84780.0,0.2912674003834882
84840.0,0.2910317171712462
84900.0,0.2907965147759949
84960.0,0.29056179001156734
85020.0,0.29032753988910187
85080.0,0.29009376159715516
85140.0,0.2898604525047415
85200.0,0.2896276101664646
85260.0,0.2893952323230762
85320.0,0.2891633168992328
85380.0,0.28893186200094667
85440.0,0.28870086590615346
85500.0,0.2884703270892709
85560.0,0.288240244174282
85620.0,0.28801061598121697
85680.0,0.2877814415014304
85740.0,0.2875527198928621
85800.0,0.287324450480741
85860.0,0.28709663275851405
85920.0,0.2868692663865892
85980.0,0.2866423511899668
86040.0,0.28641588715617067
86100.0,0.28618987443370614
86160.0,0.2859643133306241
86220.0,0.28573920431293415
86280.0,0.28551454800291054
86340.0,0.28529034517740487
86400.0,0.2850665967663639
86460.0,0.2848433058968767
86520.0,0.2846204666236841
86580.0,0.2843980801242794
86640.0,0.2841761452207817
86700.0,0.2839546606752081
86760.0,0.28373362511440703
86820.0,0.283513037202931
86880.0,0.2832928956468778
86940.0,0.2830731991689975
87000.0,0.282853946494351
87060.0,0.2826351363487543
87120.0,0.28241676746128813
87180.0,0.2821988385658627
87240.0,0.2819813484013711
87300.0,0.2817642957113765
87360.0,0.2815476792439059
87420.0,0.28133149775140764
87480.0,0.28111574999076505
87540.0,0.2809004347233002
87600.0,0.2806855507147585
87660.0,0.2804710967352862
87720.0,0.28025707155941026
87780.0,0.2800434739660192
87840.0,0.2798303027383455
87900.0,0.2796175566639482
87960.0,0.2794052345346945
88020.0,0.27919333514674255
88080.0,0.27898185730052266
88140.0,0.27877079980072034
88200.0,0.2785601614163967
88260.0,0.2783499404696453
88320.0,0.2781401342102268
88380.0,0.277930739378665
88440.0,0.2777217527834795
88500.0,0.27751317148245336
88560.0,0.2773049927569663
88620.0,0.2770972140623128
88680.0,0.27688983301031506
88740.0,0.27668284737207566
88800.0,0.276476255082558
88860.0,0.2762700542411425
88920.0,0.27606424310971933
88980.0,0.27585882010389634
89040.0,0.2756537838152545
89100.0,0.2754491329678207
89160.0,0.27524486646110324
89220.0,0.27504098334831656
89280.0,0.27483748283182524
89340.0,0.2746343642636012
89400.0,0.27443162714618474
89460.0,0.27422927113175755
89520.0,0.27402729602013676
89580.0,0.27382570175697396
89640.0,0.273624488432432
89700.0,0.2734236562799791
89760.0,0.2732232056750594
89820.0,0.27302313713366244
89880.0,0.272823451310891
89940.0,0.27262414899956455
90000.0,0.27242523109735883
90060.0,0.272226698235053
90120.0,0.2720285499559735
90180.0,0.27183078509492664
90240.0,0.2716334025087107
90300.0,0.27143640110015965
90360.0,0.27123977985387976
90420.0,0.27104353774202816
90480.0,0.27084767372052126
90540.0,0.27065218674209
90600.0,0.27045707576417505
90660.0,0.27026233974990055
90720.0,0.2700679776667272
90780.0,0.2698739884855581
90840.0,0.26968037118061255
90900.0,0.26948712472956493
90960.0,0.26929424811363495
91020.0,0.26910174031758755
91080.0,0.26890960032970235
91140.0,0.2687178271417469
91200.0,0.2685264197489606
91260.0,0.26833537715004285
91320.0,0.2681446983471401
91380.0,0.2679543823458325
91440.0,0.2677644281551198
91500.0,0.26757483478740685
91560.0,0.2673856012584903
91620.0,0.2671967265875448
91680.0,0.2670082097971094
91740.0,0.26682004991307406
91800.0,0.26663224596466567
91860.0,0.26644479698443524
91920.0,0.2662577020082442
91980.0,0.26607096007525094
92040.0,0.26588457022789785
92100.0,0.2656985315117626
92160.0,0.2655128429760334
92220.0,0.2653275036726374
92280.0,0.26514251265713573
92340.0,0.2649578689882927
92400.0,0.2647735717279981
92460.0,0.2645896199412931
92520.0,0.2644060126964062
92580.0,0.2642227490647493
92640.0,0.26403982812089277
92700.0,0.2638572489425444
92760.0,0.26367501061053794
92820.0,0.26349311220882354
92880.0,0.26331155282445784
92940.0,0.26313033154758936
93000.0,0.2629494474714461
93060.0,0.262768899692323
93120.0,0.26258868730957025
93180.0,0.2624088094255813
93240.0,0.26222926514577993
93300.0,0.2620500535786091
93360.0,0.2618711738355188
93420.0,0.26169262503095325
93480.0,0.26151440628234
93540.0,0.2613365167100781
93600.0,0.2611589554375254
93660.0,0.26098172159098754
93720.0,0.26080481429970626
93780.0,0.2606282326958477
93840.0,0.2604519759144903
93900.0,0.26027604309361435
93960.0,0.2601004333740896
94020.0,0.25992514589966415
94080.0,0.259750179816953
94140.0,0.2595755342754269
94200.0,0.2594012084274012
94260.0,0.2592272014280239
94320.0,0.25905351243526553
94380.0,0.25888014060990705
94440.0,0.25870708511552953
94500.0,0.2585343451185025
94560.0,0.25836191978797346
94620.0,0.2581898082958568
94680.0,0.25801800981682277
94740.0,0.25784652352828674
94800.0,0.2576753486103983
94860.0,0.257504484246031
94920.0,0.2573339296207711
94980.0,0.25716368392290667
95040.0,0.2569937463434182
95100.0,0.2568241160759666
95160.0,0.25665479231688376
95220.0,0.25648577426516167
95280.0,0.2563170611224415
95340.0,0.2561486520930044
95400.0,0.255980546354743
95460.0,0.255812742727162
95520.0,0.2556452391597192
95580.0,0.25547803320447865
95640.0,0.25531112231816355
95700.0,0.25514450452084814
95760.0,0.25497817755066715
95820.0,0.2548121397656236
95880.0,0.2546463892749581
95940.0,0.2544809246719353
96000.0,0.25431574434683224
96060.0,0.2541508468564594
96120.0,0.25398623093958805
96180.0,0.2538218954840224
96240.0,0.25365783950310183
96300.0,0.25349406212521425
96360.0,0.253330562613538
96420.0,0.2531673403358456
96480.0,0.2530043947977091
96540.0,0.25284172562545887
96600.0,0.252679332562319
96660.0,0.25251721546883293
96720.0,0.2523553743238238
96780.0,0.25219380922380763
96840.0,0.2520325203814795
96900.0,0.2518715081243521
96960.0,0.2517107728937868
97020.0,0.2515503152441295
97080.0,0.2513901358417404
97140.0,0.25123023546393314
97200.0,0.25107061497425437
97260.0,0.2509112749684238
97320.0,0.2507522152286788
97380.0,0.2505934350458478
97440.0,0.2504349335755349
97500.0,0.2502767101469555
97560.0,0.25011876397605876
97620.0,0.24996109445301576
97680.0,0.24980370083193304
97740.0,0.2496465825030635
97800.0,0.24948973872624436
97860.0,0.24933316877670192
97920.0,0.24917687195326194
97980.0,0.24902084756604634
98040.0,0.2488650949273377
98100.0,0.24870961334961955
98160.0,0.24855440214665628
98220.0,0.24839946063445245
98280.0,0.2482447881314539
98340.0,0.2480903839584099
98400.0,0.24793624743824963
98460.0,0.2477823778960473
98520.0,0.2476287746590277
98580.0,0.2474754370565713
98640.0,0.2473223644202091
98700.0,0.24716955608361324
98760.0,0.24701701138258694
98820.0,0.24686472965505624
98880.0,0.2467127102410622
98940.0,0.24656095248275267
99000.0,0.24640945572437484
99060.0,0.24625821931226677
99120.0,0.24610724259484976
99180.0,0.2459565249226205
99240.0,0.24580606564814297
99300.0,0.24565586412604076
99360.0,0.24550591971298927
99420.0,0.24535623176770804
99480.0,0.24520679965095282
99540.0,0.24505762272542414
99600.0,0.2449087003560627
99660.0,0.24476003190950876
99720.0,0.24461161675465823
99780.0,0.24446345426239588
99840.0,0.24431554380554782
99900.0,0.24416788475889728
99960.0,0.24402047649920836
100020.0,0.24387331840522347
100080.0,0.24372640985764854
100140.0,0.24357975023914039
100200.0,0.24343333893429997
100260.0,0.24328717532966718
100320.0,0.24314125881371487
100380.0,0.24299558877684035
100440.0,0.24285016461135836
100500.0,0.24270498571149327
100560.0,0.2425600514733727
100620.0,0.24241536129502017
100680.0,0.242270914576348
100740.0,0.2421267107191502
100800.0,0.24198274912709578
100860.0,0.24183902920572128
100920.0,0.24169555036242413
100980.0,0.24155231200645563
101040.0,0.24140931354891404
101100.0,0.241266554402738
101160.0,0.24112403398269897
101220.0,0.2409817517053953
101280.0,0.24083970698924484
101340.0,0.24069789925447838
101400.0,0.2405563279231328
101460.0,0.24041499241904496
101520.0,0.2402738921678439
101580.0,0.24013302659694533
101640.0,0.23999239513554438
101700.0,0.23985199721460926
101760.0,0.23971183226687454
101820.0,0.23957189972683468
101880.0,0.23943219903073762
101940.0,0.2392927296165782
102000.0,0.23915349092409174
102060.0,0.23901448239474754
102120.0,0.23887570347174267
102180.0,0.23873715359999526
102240.0,0.23859883222613876
102300.0,0.23846073879851473
102360.0,0.2383228727671675
102420.0,0.23818523358383709
102480.0,0.23804782070195357
102540.0,0.23791063357663048
102600.0,0.23777367166465882
102660.0,0.23763693442450073
102720.0,0.23750042131628357
102780.0,0.2373641318017936
102840.0,0.2372280653444699
102900.0,0.23709222140939845
102960.0,0.23695659946330608
103020.0,0.23682119897455428
103080.0,0.23668601941313316
103140.0,0.23655106025065606
103200.0,0.23641632096035284
103260.0,0.2362818010170643
103320.0,0.23614749989723655
103380.0,0.23601341707891477
103440.0,0.23587955204173733
103500.0,0.23574590426693032
103560.0,0.23561247323730156
103620.0,0.23547925843723463
103680.0,0.23534625935268352
103740.0,0.2352134754711667
103800.0,0.23508090628176134
103860.0,0.23494855127509764
103920.0,0.2348164099433536
103980.0,0.23468448178024862
104040.0,0.23455276628103855
104100.0,0.23442126294250984
104160.0,0.23428997126297404
104220.0,0.23415889074226237
104280.0,0.2340280208817197
104340.0,0.23389736118419974
104400.0,0.23376691113377365
104460.0,0.23363666996738627
104520.0,0.23350663620593046
104580.0,0.23337680800340826
104640.0,0.2332471835969635
104700.0,0.23311776141971272
104760.0,0.23298854005387898
104820.0,0.232859518143793
104880.0,0.2327306944217679
104940.0,0.2326020677225769
105000.0,0.23247363698577186
105060.0,0.2323454012526149
105120.0,0.23221735966338325
105180.0,0.23208951145619147
105240.0,0.23196185596650112
105300.0,0.23183439262661953
105360.0,0.2317071209610632
105420.0,0.23158004060020454
105480.0,0.23145315125426982
105540.0,0.23132645273930436
105600.0,0.2311999449642232
105660.0,0.23107362792823158
105720.0,0.23094750172126002
105780.0,0.23082156652468913
105840.0,0.23069582261092886
105900.0,0.23057027034234467
105960.0,0.23044491017030386
106020.0,0.230319742634504
106080.0,0.23019476836236752
106140.0,0.23006998806835488
106200.0,0.22994540253346166
106260.0,0.22982101235276475
106320.0,0.22969681747704315
106380.0,0.22957281739607824
106440.0,0.22944901160649
106500.0,0.22932539962225268
106560.0,0.22920198104732317
106620.0,0.22907875539587091
106680.0,0.22895572227895852
106740.0,0.22883288122398587
106800.0,0.22871023184651926
106860.0,0.2285877736801293
106920.0,0.22846550626809667
106980.0,0.22834342916841527
107040.0,0.22822154194604638
107100.0,0.22809984416719345
107160.0,0.22797833539807766
107220.0,0.22785701520561577
107280.0,0.22773588315802085
107340.0,0.227614938824928
107400.0,0.22749418177730887
107460.0,0.22737361158739497
107520.0,0.2272532278286567
107580.0,0.2271330300758077
107640.0,0.22701301790480846
107700.0,0.22689319089286442
107760.0,0.22677354861842014
107820.0,0.22665409066115422
107880.0,0.22653481660197478
107940.0,0.22641572602301518
108000.0,0.226296818507494
108060.0,0.22617809521235455
108120.0,0.22605955256541463
108180.0,0.22594119164293824
108240.0,0.22582301214359243
108300.0,0.22570501365961526
108360.0,0.2255871957719641
108420.0,0.2254695580908824
108480.0,0.2253521001797168
108540.0,0.22523482167450506
108600.0,0.22511772214661752
108660.0,0.22500080117842897
108720.0,0.22488405836499187
108780.0,0.2247674933067847
108840.0,0.22465110560511295
108900.0,0.22453489486135467
108960.0,0.22441886067761255
109020.0,0.2243030026571944
109080.0,0.22418732040468659
109140.0,0.22407181352587113
109200.0,0.2239564816276643
109260.0,0.22384132431810205
109320.0,0.22372634120634485
109380.0,0.22361153190263622
109440.0,0.22349689601844933
109500.0,0.22338243316622997
109560.0,0.22326814295966818
109620.0,0.22315402501355353
109680.0,0.22304007894375488
109740.0,0.22292630436723287
109800.0,0.22281270090205177
109860.0,0.22269926816737762
109920.0,0.22258600578346902
109980.0,0.22247291337167147
110040.0,0.2223599905544139
110100.0,0.22224723695520657
110160.0,0.22213465219863734
110220.0,0.22202223591036763
110280.0,0.22190998771712864
110340.0,0.22179790724671755
110400.0,0.22168599412799403
110460.0,0.22157424799087658
110520.0,0.2214626684663389
110580.0,0.22135125518640644
110640.0,0.2212400077841524
110700.0,0.22112892589369434
110760.0,0.22101800915019088
110820.0,0.22090725718983778
110880.0,0.22079666964986422
110940.0,0.22068624616853
111000.0,0.2205759863851213
111060.0,0.2204658899399476
111120.0,0.2203559564743377
111180.0,0.2202461856306371
111240.0,0.22013657705220366
111300.0,0.2200271303834044
111360.0,0.21991784526961256
111420.0,0.21980872135720342
111480.0,0.2196997582935514
111540.0,0.21959095572702653
111600.0,0.21948231330699103
111660.0,0.21937383068379587
111720.0,0.21926550750877763
111780.0,0.2191573434342548
111840.0,0.21904933811352498
111900.0,0.21894149120086104
111960.0,0.21883380235150793
112020.0,0.21872627122167979
112080.0,0.218618897468556
112140.0,0.2185116807502786
112200.0,0.2184046207259484
112260.0,0.2182977170556223
112320.0,0.2181909694003095
112380.0,0.21808437742196876
112440.0,0.21797794078350513
112500.0,0.21787165914876636
112560.0,0.21776553218254016
112620.0,0.21765955955055072
112680.0,0.21755374091945587
112740.0,0.2174480759568437
112800.0,0.21734256433122945
112860.0,0.2172372057120524
112920.0,0.21713199976967282
112980.0,0.21702694617536883
113040.0,0.21692204460133338
113100.0,0.21681729472067096
113160.0,0.21671269620739483
113220.0,0.21660824873642384
113280.0,0.21650395198357933
113340.0,0.21639980562558211
113400.0,0.21629580934004963
113460.0,0.21619196280549277
113520.0,0.21608826570131281
113580.0,0.21598471770779884
113640.0,0.2158813185061242
113700.0,0.21577806777834402
113760.0,0.21567496520739204
113820.0,0.2155720104770777
113880.0,0.21546920327208322
113940.0,0.2153665432779608
114000.0,0.21526403018112952
114060.0,0.21516166366887265
114120.0,0.21505944342933458
114180.0,0.2149573691515181
114240.0,0.21485544052528152
114300.0,0.21475365724133583
114360.0,0.2146520189912416
114420.0,0.21455052546740658
114480.0,0.21444917636308283
114540.0,0.21434797137236355
114600.0,0.21424691019018052
114660.0,0.21414599251230151
114720.0,0.21404521803532717
114780.0,0.2139445864566884
114840.0,0.21384409747464383
114900.0,0.21374375078827665
114960.0,0.2136435460974922
115020.0,0.2135434831030152
115080.0,0.21344356150638696
115140.0,0.21334378100996274
115200.0,0.21324414131690916
115260.0,0.21314464213120113
115320.0,0.21304528315761978
115380.0,0.21294606410174932
115440.0,0.21284698466997468
115500.0,0.2127480445694788
115560.0,0.2126492435082398
115620.0,0.21255058119502868
115680.0,0.21245205733940659
115740.0,0.2123536716517221
115800.0,0.21225542384310886
115860.0,0.21215731362548293
115920.0,0.21205934071154
115980.0,0.2119615048147533
116040.0,0.21186380564937055
116100.0,0.21176624293041166
116160.0,0.21166881637366644
116220.0,0.21157152569569157
116280.0,0.2114743706138085
116340.0,0.21137735084610082
116400.0,0.21128046611141166
116460.0,0.21118371612934156
116520.0,0.21108710062024547
116580.0,0.21099061930523083
116640.0,0.21089427190615478
116700.0,0.2107980581456218
116760.0,0.21070197774698127
116820.0,0.21060603043432516
116880.0,0.21051021593248545
116940.0,0.21041453396703194
117000.0,0.21031898426426954
117060.0,0.21022356655123617
117120.0,0.21012828055570032
117180.0,0.2100331260061585
117240.0,0.2099381026318332
117300.0,0.20984321016267027
117360.0,0.20974844832933665
117420.0,0.20965381686321805
117480.0,0.20955931549641682
117540.0,0.20946494396174917
117600.0,0.2093707019927435
117660.0,0.20927658932363724
117720.0,0.20918260568937572
117780.0,0.2090887508256088
117840.0,0.20899502446868903
117900.0,0.20890142635566974
117960.0,0.20880795622430215
118020.0,0.20871461381303338
118080.0,0.20862139886100461
118140.0,0.2085283111080481
118200.0,0.20843535029468557
118260.0,0.20834251616212582
118320.0,0.20824980845226226
118380.0,0.20815722690767133
118440.0,0.2080647712716095
118500.0,0.2079724412880118
118560.0,0.20788023670148925
118620.0,0.20778815725732683
118680.0,0.2076962027014814
118740.0,0.20760437278057925
118800.0,0.2075126672419144
118860.0,0.20742108583344612
118920.0,0.20732962830379695
118980.0,0.2072382944022505
119040.0,0.2071470838787495
119100.0,0.20705599648389358
119160.0,0.20696503196893729
119220.0,0.2068741900857877
119280.0,0.20678347058700267
119340.0,0.20669287322578883
119400.0,0.20660239775599906
119460.0,0.206512043932131
119520.0,0.20642181150932454
119580.0,0.20633170024336003
119640.0,0.20624170989065632
119700.0,0.20615184020826835
119760.0,0.20606209095388575
119820.0,0.20597246188583015
119880.0,0.20588295276305366
119940.0,0.20579356334513674
120000.0,0.20570429339228627
120060.0,0.2056151426653332
120120.0,0.20552611092573117
120180.0,0.20543719793555426
120240.0,0.20534840345749475
120300.0,0.20525972725486177
120360.0,0.20517116909157884
120420.0,0.2050827287321822
120480.0,0.20499440594181878
120540.0,0.20490620048624428
120600.0,0.20481811213182147
120660.0,0.20473014064551776
120720.0,0.20464228579490398
120780.0,0.2045545473481519
120840.0,0.20446692507403272
120900.0,0.20437941874191512
120960.0,0.2042920281217631
121020.0,0.20420475298413443
121080.0,0.20411759310017888
121140.0,0.20403054824163597
121200.0,0.20394361818083334
121260.0,0.203856802690685
121320.0,0.20377010154468952
121380.0,0.20368351451692784
121440.0,0.20359704138206186
121500.0,0.20351068191533248
121560.0,0.2034244358925577
121620.0,0.20333830309013098
121680.0,0.20325228328501938
121740.0,0.20316637625476175
121800.0,0.20308058177746693
121860.0,0.20299489963181203
121920.0,0.2029093295970407
121980.0,0.20282387145296138
122040.0,0.20273852497994524
122100.0,0.20265328995892487
122160.0,0.20256816617139237
122220.0,0.20248315339939746
122280.0,0.202398251425546
122340.0,0.2023134600329981
122400.0,0.20222877900546635
122460.0,0.2021442081272144
122520.0,0.20205974718305497
122580.0,0.20197539595834826
122640.0,0.20189115423900014
122700.0,0.2018070218114609
122760.0,0.2017229984627229
122820.0,0.2016390839803193
122880.0,0.2015552781523224
122940.0,0.2014715807673421
123000.0,0.2013879916145236
123060.0,0.20130451048354658
123120.0,0.20122113716462306
123180.0,0.20113787144849585
123240.0,0.201054713126437
123300.0,0.20097166199024616
123360.0,0.2008887178322488
123420.0,0.20080588044529477
123480.0,0.20072314962275675
123540.0,0.20064052515852834
123600.0,0.2005580068470228
123660.0,0.20047559448317132
123720.0,0.20039328786242144
123780.0,0.20031108678073528
123840.0,0.20022899103458836
123900.0,0.20014700042096775
123960.0,0.2000651147373705
124020.0,0.19998333378180222
124080.0,0.19990165735277557
124140.0,0.1998200852493084
124200.0,0.19973861726265074
124260.0,0.19965725301456302
124320.0,0.19957599169508758
124380.0,0.19949483225048015
124440.0,0.1994137737068117
124500.0,0.19933281517469303
124560.0,0.1992519558555097
124620.0,0.19917119500717934
124680.0,0.19909053194294996
124740.0,0.19900996603613194
124800.0,0.19892949672263266
124860.0,0.19884912350087244
124920.0,0.19876884593088834
124980.0,0.1986886636336474
125040.0,0.1986085762906571
125100.0,0.19852858364132422
125160.0,0.19844868549061476
125220.0,0.19836888169522315
125280.0,0.19828917217798736
125340.0,0.19820955692002534
125400.0,0.19813003595950837
125460.0,0.19805060939218896
125520.0,0.19797127737189257
125580.0,0.19789204011025663
125640.0,0.1978128978761278
125700.0,0.19773385099507765
125760.0,0.1976548998490888
125820.0,0.19757604487626262
125880.0,0.19749728657047105
125940.0,0.19741862548097006
126000.0,0.19734006220547992
126060.0,0.19726159719225506
126120.0,0.19718323051030723
126180.0,0.19710496197823232
126240.0,0.19702679135702159
126300.0,0.19694871846138018
126360.0,0.19687074309383254
126420.0,0.19679286509555177
126480.0,0.1967150842776642
126540.0,0.19663740047627554
126600.0,0.1965598134980891
126660.0,0.1964823231546158
126720.0,0.19640492926316627
126780.0,0.1963276316434656
126840.0,0.1962504301155007
126900.0,0.19617332449917943
126960.0,0.19609631461464735
127020.0,0.19601940028251644
127080.0,0.19594258132390024
127140.0,0.19586585756037506
127200.0,0.19578922881395083
127260.0,0.19571269490706553
127320.0,0.19563625566258755
127380.0,0.19555991090381789
127440.0,0.1954836604544893
127500.0,0.1954075041387646
127560.0,0.19533144178123502
127620.0,0.19525547320691883
127680.0,0.19517959824126013
127740.0,0.19510381671012778
127800.0,0.19502812843981396
127860.0,0.19495253325703282
127920.0,0.19487703098891962
127980.0,0.19480162146302907
128040.0,0.1947263045073342
128100.0,0.19465107995022543
128160.0,0.19457594762050887
128220.0,0.19450090734740533
128280.0,0.19442595896054923
128340.0,0.19435110228998703
128400.0,0.19427633716617632
128460.0,0.19420166341998452
128520.0,0.19412708088268749
128580.0,0.19405258938596862
128640.0,0.19397818876191752
128700.0,0.19390387884302876
128760.0,0.1938296594622006
128820.0,0.19375553045271848
128880.0,0.19368149164830645
128940.0,0.19360754288303647
129000.0,0.1935336839914259
129060.0,0.19345991480838554
129120.0,0.19338623516921324
129180.0,0.1933126449095982
129240.0,0.1932391438656254
129300.0,0.193165731873775
129360.0,0.19309240877091957
129420.0,0.19301917439432217
129480.0,0.19294602858163512
129540.0,0.1928729711708997
129600.0,0.1928000020005449
129660.0,0.19272712201333694
129720.0,0.19265432884039246
129780.0,0.19258162338233079
129840.0,0.19250900552432926
129900.0,0.19243647511287185
129960.0,0.1923640319844178
130020.0,0.19229167598608646
130080.0,0.19221940694363557
130140.0,0.19214722472049733
130200.0,0.19207512915111521
130260.0,0.1920031200713323
130320.0,0.19193119732193978
130380.0,0.19185936074659826
130440.0,0.19178761018964263
130500.0,0.1917159454953849
130560.0,0.19164436650825525
130620.0,0.19157287307302642
130680.0,0.19150146503488727
130740.0,0.19143014223942428
130800.0,0.19135890453259338
130860.0,0.1912877517607097
130920.0,0.19121668377044837
130980.0,0.191145700408835
131040.0,0.19107480152328932
131100.0,0.19100398696154078
131160.0,0.1909332565717181
131220.0,0.19086261020231074
131280.0,0.1907920477021579
131340.0,0.1907215689204492
131400.0,0.190651173706729
131460.0,0.19058086191089807
131520.0,0.19051063338321123
131580.0,0.19044048797427493
131640.0,0.19037042553504624
131700.0,0.19030044591683284
131760.0,0.19023054897129124
131820.0,0.19016073455042642
131880.0,0.19009100250659042
131940.0,0.19002135269248155
132000.0,0.1899517849611433
132060.0,0.18988229916596308
132120.0,0.189812895160672
132180.0,0.18974357279934298
132240.0,0.18967433193639038
132300.0,0.18960517242656902
132360.0,0.18953609412497258
132420.0,0.18946709688703361
132480.0,0.18939818056852153
132540.0,0.18932934502554266
132600.0,0.18926059011453839
132660.0,0.18919191569228494
132720.0,0.1891233216158918
132780.0,0.18905480774280123
132840.0,0.1889863739307872
132900.0,0.1889180200379541
132960.0,0.18884974592273657
133020.0,0.1887815514438977
133080.0,0.1887134364605286
133140.0,0.18864540083204737
133200.0,0.18857744441819824
133260.0,0.18850956707905042
133320.0,0.18844176867499748
133380.0,0.18837404906675614
133440.0,0.18830640811536553
133500.0,0.18823884568218632
133560.0,0.18817136162889972
133620.0,0.18810395581750636
133680.0,0.188036628110326
133740.0,0.1879693783699959
133800.0,0.18790220645947045
133860.0,0.18783511224201999
133920.0,0.18776809558123023
133980.0,0.1877011563410008
134040.0,0.18763429438554496
134100.0,0.18756750957938859
134160.0,0.18750080178736886
134220.0,0.18743417087463377
134280.0,0.1873676167066415
134340.0,0.18730113914915897
134400.0,0.18723473806826108
134460.0,0.1871684133303305
134520.0,0.18710216480205571
134580.0,0.18703599235043122
134640.0,0.18696989584275597
134700.0,0.1869038751466328
134760.0,0.18683793012996752
134820.0,0.18677206066096821
134880.0,0.18670626660814393
134940.0,0.18664054784030445
135000.0,0.18657490422655917
135060.0,0.18650933563631605
135120.0,0.18644384193928118
135180.0,0.18637842300545757
135240.0,0.18631307870514469
135300.0,0.18624780890893738
135360.0,0.186182613487725
135420.0,0.18611749231269087
135480.0,0.18605244525531112
135540.0,0.18598747218735434
135600.0,0.18592257298088008
135660.0,0.1858577475082387
135720.0,0.18579299564207033
135780.0,0.18572831725530375
135840.0,0.18566371222115619
135900.0,0.18559918041313192
135960.0,0.185534721705022
136020.0,0.18547033597090298
136080.0,0.18540602308513654
136140.0,0.1853417829223685
136200.0,0.18527761535752785
136260.0,0.1852135202658263
136320.0,0.18514949752275742
136380.0,0.18508554700409574
136440.0,0.18502166858589592
136500.0,0.18495786214449222
136560.0,0.18489412755649756
136620.0,0.18483046469880285
136680.0,0.18476687344857587
136740.0,0.18470335368326132
136800.0,0.18463990528057897
136860.0,0.18457652811852376
136920.0,0.18451322207536486
136980.0,0.18444998702964427
137040.0,0.18438682286017732
137100.0,0.18432372944605063
137160.0,0.1842607066666222
137220.0,0.18419775440152042
137280.0,0.18413487253064303
137340.0,0.1840720609341569
137400.0,0.1840093194924971
137460.0,0.18394664808636582
137520.0,0.18388404659673213
137580.0,0.18382151490483112
137640.0,0.1837590528921628
137700.0,0.18369666044049196
137760.0,0.18363433743184718
137820.0,0.1835720837485197
137880.0,0.18350989927306355
137940.0,0.183447783888294
138000.0,0.18338573747728754
138060.0,0.18332375992338062
138120.0,0.18326185111016918
138180.0,0.18320001092150814
138240.0,0.18313823924151013
138300.0,0.18307653595454543
138360.0,0.18301490094524098
138420.0,0.18295333409847933
138480.0,0.18289183529939881
138540.0,0.1828304044333918
138600.0,0.182769041386105
138660.0,0.18270774604343804
138720.0,0.18264651829154324
138780.0,0.18258535801682432
138840.0,0.18252426510593678
138900.0,0.182463239445786
138960.0,0.18240228092352748
139020.0,0.1823413894265656
139080.0,0.18228056484255337
139140.0,0.18221980705939134
139200.0,0.18215911596522738
139260.0,0.1820984914484555
139320.0,0.18203793339771565
139380.0,0.18197744170189284
139440.0,0.18191701625011647
139500.0,0.18185665693175979
139560.0,0.1817963636364388
139620.0,0.18173613625401258
139680.0,0.1816759746745815
139740.0,0.18161587878848717
139800.0,0.18155584848631198
139860.0,0.1814958836588777
139920.0,0.18143598419724583
139980.0,0.18137614999271598
140040.0,0.18131638093682587
140100.0,0.18125667692135064
140160.0,0.18119703783830196
140220.0,0.18113746357992747
140280.0,0.18107795403871008
140340.0,0.18101850910736775
140400.0,0.1809591286788525
140460.0,0.18089981264634958
140520.0,0.1808405609032773
140580.0,0.1807813733432864
140640.0,0.18072224986025892
140700.0,0.1806631903483079
140760.0,0.18060419470177727
140820.0,0.18054526281524003
140880.0,0.18048639458349888
140940.0,0.18042758990158492
141000.0,0.18036884866475714
141060.0,0.18031017076850175
141120.0,0.18025155610853208
141180.0,0.18019300458078713
141240.0,0.1801345160814317
141300.0,0.18007609050685558
141360.0,0.18001772775367264
141420.0,0.17995942771872067
141480.0,0.17990119029906043
141540.0,0.17984301539197556
141600.0,0.1797849028949712
141660.0,0.17972685270577418
141720.0,0.17966886472233218
141780.0,0.17961093884281265
141840.0,0.17955307496560313
141900.0,0.17949527298930995
141960.0,0.1794375328127579
142020.0,0.1793798543349897
142080.0,0.17932223745526535
142140.0,0.17926468207306162
142200.0,0.17920718808807135
142260.0,0.179149755400203
142320.0,0.17909238390958018
142380.0,0.17903507351654066
142440.0,0.17897782412163635
142500.0,0.17892063562563243
142560.0,0.17886350792950664
142620.0,0.17880644093444922
142680.0,0.17874943454186204
142740.0,0.17869248865335757
142800.0,0.1786356031707594
142860.0,0.17857877799610097
142920.0,0.1785220130316248
142980.0,0.17846530817978257
143040.0,0.17840866334323438
143100.0,0.17835207842484796
143160.0,0.1782955533276982
143220.0,0.1782390879550668
143280.0,0.1781826822104417
143340.0,0.1781263359975163
143400.0,0.1780700492201891
143460.0,0.17801382178256317
143520.0,0.1779576535889457
143580.0,0.17790154454384707
143640.0,0.1778454945519809
143700.0,0.17778950351826314
143760.0,0.1777335713478116
143820.0,0.1776776979459452
143880.0,0.17762188321818423
143940.0,0.17756612707024885
144000.0,0.1775104294080591
144060.0,0.17745479013773452
144120.0,0.17739920916559315
144180.0,0.17734368639815132
144240.0,0.17728822174212303
144300.0,0.17723281510441977
144360.0,0.17717746639214935
144420.0,0.17712217551261603
144480.0,0.17706694237331955
144540.0,0.17701176688195497
144600.0,0.17695664894641214
144660.0,0.1769015884747745
144720.0,0.17684658537531983
144780.0,0.17679163955651878
144840.0,0.17673675092703447
144900.0,0.17668191939572253
144960.0,0.17662714487163
145020.0,0.17657242726399522
145080.0,0.17651776648224698
145140.0,0.1764631624360046
145200.0,0.17640861503507685
145260.0,0.17635412418946173
145320.0,0.17629968980934607
145380.0,0.1762453118051047
145440.0,0.1761909900873004
145500.0,0.1761367245666832
145560.0,0.17608251515418977
145620.0,0.17602836176094325
145680.0,0.1759742642982524
145740.0,0.17592022267761145
145800.0,0.17586623681069954
145860.0,0.1758123066093801
145920.0,0.1757584319857005
145980.0,0.17570461285189165
146040.0,0.17565084912036724
146100.0,0.17559714070372365
146160.0,0.17554348751473925
146220.0,0.17548988946637398
146280.0,0.17543634647176884
146340.0,0.17538285844424556
146400.0,0.175329425297306
146460.0,0.17527604694463178
146520.0,0.1752227233000838
146580.0,0.17516945427770164
146640.0,0.1751162397917034
146700.0,0.17506307975648508
146760.0,0.17500997408661984
146820.0,0.17495692269685828
146880.0,0.17490392550212722
146940.0,0.17485098241752964
147000.0,0.17479809335834418
147060.0,0.17474525824002468
147120.0,0.17469247697819984
147180.0,0.17463974948867245
147240.0,0.17458707568741927
147300.0,0.17453445549059066
147360.0,0.1744818888145096
147420.0,0.17442937557567187
147480.0,0.1743769156907454
147540.0,0.17432450907656957
147600.0,0.17427215565015516
147660.0,0.17421985532868375
147720.0,0.17416760802950731
147780.0,0.17411541367014757
147840.0,0.17406327216829598
147900.0,0.17401118344181296
147960.0,0.17395914740872767
148020.0,0.17390716398723732
148080.0,0.17385523309570725
148140.0,0.1738033546526698
148200.0,0.1737515285768246
148260.0,0.17369975478703756
148320.0,0.17364803320234085
148380.0,0.17359636374193238
148440.0,0.1735447463251752
148500.0,0.17349318087159743
148560.0,0.1734416673008913
148620.0,0.17339020553291354
148680.0,0.17333879548768422
148740.0,0.1732874370853865
148800.0,0.17323613024636672
148860.0,0.17318487489113332
148920.0,0.17313367094035695
148980.0,0.17308251831486957
149040.0,0.17303141693566465
149100.0,0.1729803667238962
149160.0,0.17292936760087865
149220.0,0.17287841948808644
149280.0,0.17282752230715365
149340.0,0.1727766759798734
149400.0,0.1727258804281976
149460.0,0.17267513557423667
149520.0,0.17262444134025892
149580.0,0.17257379764869016
149640.0,0.17252320442211364
149700.0,0.17247266158326927
149760.0,0.17242216905505323
149820.0,0.17237172676051807
149880.0,0.17232133462287164
149940.0,0.17227099256547715
150000.0,0.17222070051185293
150060.0,0.1721704583856713
150120.0,0.17212026611075906
150180.0,0.17207012361109666
150240.0,0.17202003081081774
150300.0,0.1719699876342089
150360.0,0.17191999400570948
150420.0,0.1718700498499109
150480.0,0.17182015509155635
150540.0,0.17177030965554055
150600.0,0.17172051346690922
150660.0,0.17167076645085871
150720.0,0.17162106853273595
150780.0,0.17157141963803751
150840.0,0.17152181969240965
150900.0,0.17147226862164786
150960.0,0.1714227663516964
151020.0,0.1713733128086481
151080.0,0.1713239079187438
151140.0,0.17127455160837207
151200.0,0.17122524380406895
151260.0,0.17117598523665203
151320.0,0.17112677425260234
151380.0,0.17107761151246811
151440.0,0.17102849698052502
151500.0,0.17097943059336113
151560.0,0.17093041227704533
151620.0,0.17088144195792898
151680.0,0.1708325195623148
151740.0,0.1707836450243821
151800.0,0.17073481827073736
151860.0,0.17068603922621736
151920.0,0.17063730781737446
151980.0,0.17058862397242147
152040.0,0.17053998762018371
152100.0,0.1704913986895309
152160.0,0.17044285710932347
152220.0,0.1703943628085146
152280.0,0.1703459157162114
152340.0,0.1702975157616796
152400.0,0.17024916287433128
152460.0,0.17020085698371737
152520.0,0.17015259801952615
152580.0,0.17010438591158422
152640.0,0.1700562205898584
152700.0,0.17000810198444655
152760.0,0.169960030025592
152820.0,0.16991200464368045
152880.0,0.16986402576923337
152940.0,0.1698160933329067
153000.0,0.1697682072654925
153060.0,0.16972036749791972
153120.0,0.16967257396125435
153180.0,0.16962482658669817
153240.0,0.16957712530558838
153300.0,0.16952947004939742
153360.0,0.16948186074973268
153420.0,0.1694342973383361
153480.0,0.16938677974708405
153540.0,0.16933930790798682
153600.0,0.1692918817531883
153660.0,0.1692445012149655
153720.0,0.16919716622572883
153780.0,0.16914987671802098
153840.0,0.1691026326245172
153900.0,0.16905543387802474
153960.0,0.16900828041148241
154020.0,0.16896117215796053
154080.0,0.16891410905066054
154140.0,0.16886709102291456
154200.0,0.168820118008185
154260.0,0.16877318994006468
154320.0,0.16872630675227604
154380.0,0.16867946837867107
154440.0,0.1686326747532309
154500.0,0.16858592581006568
154560.0,0.16853922148341388
154620.0,0.16849256170764235
154680.0,0.16844594641724603
154740.0,0.1683993755468473
154800.0,0.16835284903119585
154860.0,0.1683063668051686
154920.0,0.16825992880376903
154980.0,0.16821353496212704
155040.0,0.16816718521549873
155100.0,0.16812087949926588
155160.0,0.1680746177489359
155220.0,0.16802839990014148
155280.0,0.16798222588864
155340.0,0.1679360956503136
155400.0,0.16789000912116867
155460.0,0.1678439662373357
155520.0,0.16779796693506874
155580.0,0.16775201115074545
155640.0,0.1677060988208665
155700.0,0.1676602298820555
155760.0,0.1676144042710585
155820.0,0.1675686219247439
155880.0,0.1675228827801018
155940.0,0.16747718677424436
156000.0,0.1674315338444048
156060.0,0.1673859239279376
156120.0,0.16734035696231805
156180.0,0.16729483288514194
156240.0,0.16724935163412502
156300.0,0.1672039131471034
156360.0,0.1671585173620327
156420.0,0.16711316421698774
156480.0,0.16706785365016263
156540.0,0.16702258559987024
156600.0,0.16697736000454189
156660.0,0.1669321768027273
156720.0,0.16688703593309398
156780.0,0.16684193733442718
156840.0,0.16679688094562967
156900.0,0.1667518667057212
156960.0,0.16670689455383855
157020.0,0.1666619644292348
157080.0,0.16661707627127958
157140.0,0.16657223001945848
157200.0,0.1665274256133728
157260.0,0.16648266299273934
157320.0,0.16643794209739002
157380.0,0.166393262867272
157440.0,0.16634862524244665
157500.0,0.16630402916309014
157560.0,0.1662594745694926
157620.0,0.16621496140205794
157680.0,0.1661704896013037
157740.0,0.16612605910786085
157800.0,0.16608166986247339
157860.0,0.16603732180599795
157920.0,0.16599301487940382
157980.0,0.1659487490237726
158040.0,0.16590452418029777
158100.0,0.16586034029028449
158160.0,0.16581619729514957
158220.0,0.16577209513642102
158280.0,0.1657280337557376
158340.0,0.165684013094849
158400.0,0.16564003309561512
158460.0,0.16559609370000627
158520.0,0.1655521948501025
158580.0,0.16550833648809346
158640.0,0.1654645185562785
158700.0,0.16542074099706583
158760.0,0.16537700375297268
158820.0,0.16533330676662483
158880.0,0.1652896499807566
158940.0,0.16524603333821017
159000.0,0.165202456781936
159060.0,0.16515892025499185
159120.0,0.16511542370054288
159180.0,0.1650719670618616
159240.0,0.1650285502823272
159300.0,0.16498517330542553
159360.0,0.16494183607474877
159420.0,0.16489853853399558
159480.0,0.16485528062697002
159540.0,0.16481206229758202
159600.0,0.16476888348984703
159660.0,0.1647257441478854
159720.0,0.16468264421592255
159780.0,0.16463958363828865
159840.0,0.164596562359418
159900.0,0.16455358032384934
159960.0,0.1645106374762252
160020.0,0.164467733761292
160080.0,0.16442486912389936
160140.0,0.1643820435090004
160200.0,0.16433925686165093
160260.0,0.16429650912700977
160320.0,0.164253800250338
160380.0,0.16421113017699923
160440.0,0.16416849885245893
160500.0,0.16412590622228443
160560.0,0.16408335223214449
160620.0,0.16404083682780948
160680.0,0.16399835995515064
160740.0,0.1639559215601402
160800.0,0.1639135215888508
160860.0,0.16387115998745583
160920.0,0.16382883670222853
160980.0,0.16378655167954234
161040.0,0.1637443048658701
161100.0,0.1637020962077845
161160.0,0.1636599256519572
161220.0,0.16361779314515898
161280.0,0.16357569863425953
161340.0,0.16353364206622684
161400.0,0.16349162338812742
161460.0,0.16344964254712602
161520.0,0.16340769949048514
161580.0,0.16336579416556482
161640.0,0.16332392651982283
161700.0,0.16328209650081393
161760.0,0.16324030405619
161820.0,0.16319854913369974
161880.0,0.16315683168118833
161940.0,0.1631151516465973
162000.0,0.16307350897796424
162060.0,0.1630319036234228
162120.0,0.1629903355312023
162180.0,0.1629488046496273
162240.0,0.16290731092711774
162300.0,0.16286585431218872
162360.0,0.16282443475344996
162420.0,0.16278305219960595
162480.0,0.16274170659945533
162540.0,0.16270039790189117
162600.0,0.16265912605590027
162660.0,0.16261789101056331
162720.0,0.16257669271505443
162780.0,0.16253553111864122
162840.0,0.16249440617068409
162900.0,0.16245331782063666
162960.0,0.16241226601804498
163020.0,0.16237125071254777
163080.0,0.1623302718538759
163140.0,0.1622893293918522
163200.0,0.1622484232763917
163260.0,0.16220755345750063
163320.0,0.1621667198852769
163380.0,0.16212592250990962
163440.0,0.16208516128167885
163500.0,0.16204443615095548
163560.0,0.16200374706820111
163620.0,0.16196309398396763
163680.0,0.16192247684889716
163740.0,0.16188189561372174
163800.0,0.1618413502292633
163860.0,0.16180084064643346
163920.0,0.161760366816233
163980.0,0.16171992868975194
164040.0,0.1616795262181694
164100.0,0.16163915935275325
164160.0,0.1615988280448598
164220.0,0.16155853224593397
164280.0,0.16151827190750884
164340.0,0.16147804698120527
164400.0,0.16143785741873207
164460.0,0.16139770317188562
164520.0,0.16135758419254986
164580.0,0.16131750043269552
164640.0,0.1612774518443808
164700.0,0.16123743837975038
164760.0,0.1611974599910357
164820.0,0.1611575166305548
164880.0,0.16111760825071164
164940.0,0.16107773480399626
165000.0,0.16103789624298473
165060.0,0.16099809252033875
165120.0,0.1609583235888053
165180.0,0.16091858940121678
165240.0,0.16087888991049062
165300.0,0.1608392250696293
165360.0,0.16079959483171968
165420.0,0.16075999914993339
165480.0,0.16072043797752636
165540.0,0.1606809112678386
165600.0,0.1606414189742941
165660.0,0.1606019610504006
165720.0,0.1605625374497493
165780.0,0.1605231481260151
165840.0,0.16048379303295585
165900.0,0.16044447212441254
165960.0,0.1604051853543089
166020.0,0.16036593267665133
166080.0,0.16032671404552884
166140.0,0.1602875294151126
166200.0,0.1602483787396558
166260.0,0.16020926197349383
166320.0,0.16017017907104358
166380.0,0.16013112998680362
166440.0,0.16009211467535375
166500.0,0.16005313309135527
166560.0,0.16001418518955016
166620.0,0.1599752709247614
166680.0,0.15993639025189268
166740.0,0.15989754312592813
166800.0,0.1598587295019322
166860.0,0.15981994933504942
166920.0,0.15978120258050424
166980.0,0.159742489193601
167040.0,0.15970380912972362
167100.0,0.15966516234433545
167160.0,0.15962654879297894
167220.0,0.15958796843127587
167280.0,0.15954942121492668
167340.0,0.15951090709971072
167400.0,0.15947242604148576
167460.0,0.15943397799618805
167520.0,0.15939556291983215
167580.0,0.15935718076851027
167640.0,0.15931883149839282
167700.0,0.159280515065728
167760.0,0.15924223142684119
167820.0,0.15920398053813534
167880.0,0.15916576235609065
167940.0,0.15912757683726406
168000.0,0.15908942393828973
168060.0,0.15905130361587816
168120.0,0.15901321582681655
168180.0,0.15897516052796845
168240.0,0.15893713767627354
168300.0,0.15889914722874754
168360.0,0.15886118914248185
168420.0,0.1588232633746439
168480.0,0.15878536988247624
168540.0,0.1587475086232971
168600.0,0.1587096795544997
168660.0,0.15867188263355234
168720.0,0.15863411781799822
168780.0,0.15859638506545518
168840.0,0.15855868433361556
168900.0,0.15852101558024617
168960.0,0.15848337876318797
169020.0,0.15844577384035594
169080.0,0.15840820076973902
169140.0,0.15837065950939982
169200.0,0.15833315001747453
169260.0,0.1582956722521728
169320.0,0.15825822617177743
169380.0,0.15822081173464436
169440.0,0.15818342889920245
169500.0,0.15814607762395338
169560.0,0.1581087578674714
169620.0,0.1580714695884031
169680.0,0.15803421274546764
169740.0,0.15799698729745607
169800.0,0.15795979320323153
169860.0,0.1579226304217291
169920.0,0.15788549891195527
169980.0,0.15784839863298825
170040.0,0.15781132954397764
170100.0,0.15777429160414408
170160.0,0.15773728477277948
170220.0,0.15770030900924645
170280.0,0.1576633642729785
170340.0,0.15762645052347968
170400.0,0.15758956772032442
170460.0,0.15755271582315766
170520.0,0.15751589479169428
170580.0,0.15747910458571923
170640.0,0.15744234516508723
170700.0,0.15740561648972287
170760.0,0.15736891851962015
170820.0,0.15733225121484232
170880.0,0.15729561453552218
170940.0,0.15725900844186155
171000.0,0.15722243289413096
171060.0,0.15718588785267
171120.0,0.15714937327788686
171180.0,0.15711288913025817
171240.0,0.15707643537032887
171300.0,0.15704001195871223
171360.0,0.1570036188560896
171420.0,0.15696725602321018
171480.0,0.15693092342089085
171540.0,0.1568946210100163
171600.0,0.15685834875153876
171660.0,0.1568221066064774
171720.0,0.15678589453591907
171780.0,0.1567497125010174
171840.0,0.15671356046299292
171900.0,0.15667743838313314
171960.0,0.15664134622279197
172020.0,0.1566052839433899
172080.0,0.15656925150641374
172140.0,0.1565332488734165
172200.0,0.15649727600601734
172260.0,0.15646133286590116
172320.0,0.1564254194148188
172380.0,0.1563895356145866
172440.0,0.15635368142708653
172500.0,0.15631785681426588
172560.0,0.15628206173813713
172620.0,0.15624629616077784
172680.0,0.15621056004433054
172740.0,0.1561748533510025
172800.0,0.15613917604306585
172860.0,0.15610352868493063
172920.0,0.1560679101003769
172980.0,0.15603232071059672
173040.0,0.15599676055359327
173100.0,0.1559612295987939
173160.0,0.15592572780685737
173220.0,0.15589025513882146
173280.0,0.15585481155913858
173340.0,0.15581939702741066
173400.0,0.15578401151086954
173460.0,0.15574865497031262
173520.0,0.15571332736743046
173580.0,0.15567802866504568
173640.0,0.15564275882646272
173700.0,0.1556075178150302
173760.0,0.15557230559405977
173820.0,0.15553712212688298
173880.0,0.15550196737689745
173940.0,0.15546684130757485
174000.0,0.15543174388245432
174060.0,0.1553966750651365
174120.0,0.15536163481928236
174180.0,0.1553266231086139
174240.0,0.15529163989691216
174300.0,0.15525668514802574
174360.0,0.15522175882585598
174420.0,0.15518686089437256
174480.0,0.15515199131760543
174540.0,0.1551171500596441
174600.0,0.15508233708463792
174660.0,0.155047552356797
174720.0,0.15501279584039243
174780.0,0.15497806749975523
174840.0,0.15494336729927694
174900.0,0.154908695203409
174960.0,0.1548740511766627
175020.0,0.15483943518360924
175080.0,0.15480484718887944
175140.0,0.1547702871571639
175200.0,0.1547357550532125
175260.0,0.15470125084183434
175320.0,0.15466677448789792
175380.0,0.1546323259563307
175440.0,0.15459790521211916
175500.0,0.15456351222030845
175560.0,0.1545291469460027
175620.0,0.15449480935436435
175680.0,0.15446049941061438
175740.0,0.15442621708003226
175800.0,0.1543919623279555
175860.0,0.15435773511977968
175920.0,0.15432353542095853
175980.0,0.15428936319700357
176040.0,0.1542552184134839
176100.0,0.1542211010360265
176160.0,0.1541870110303155
176220.0,0.15415294836209284
176280.0,0.15411891299715738
176340.0,0.1540849049013652
176400.0,0.15405092404062956
176460.0,0.15401697038092035
176520.0,0.15398304388826442
176580.0,0.15394914452874525
176640.0,0.15391527226850288
176700.0,0.15388142707373376
176760.0,0.1538476089106908
176820.0,0.15381381774568273
176880.0,0.15378005354507468
176940.0,0.15374631627528784
177000.0,0.15371260590279895
177060.0,0.1536789223941406
177120.0,0.15364526571590123
177180.0,0.15361163583472434
177240.0,0.1535780327173092
177300.0,0.1535444563304102
177360.0,0.15351090664083689
177420.0,0.153477383615454
177480.0,0.15344388722118096
177540.0,0.15341041742499234
177600.0,0.1533769741939171
177660.0,0.15334355749503906
177720.0,0.15331016729549637
177780.0,0.15327680356248163
177840.0,0.15324346626324153
177900.0,0.1532101553650773
177960.0,0.15317687083534376
178020.0,0.15314361264145013
178080.0,0.15311038075085898
178140.0,0.15307717513108676
178200.0,0.15304399574970384
178260.0,0.15301084257433356
178320.0,0.15297771557265302
178380.0,0.15294461471239248
178440.0,0.15291153996133516
178500.0,0.15287849128731773
178560.0,0.15284546865822948
178620.0,0.15281247204201265
178680.0,0.1527795014066623
178740.0,0.152746556720226
178800.0,0.15271363795080373
178860.0,0.15268074506654822
178920.0,0.15264787803566424
178980.0,0.15261503682640853
179040.0,0.15258222140709057
179100.0,0.1525494317460713
179160.0,0.15251666781176362
179220.0,0.15248392957263238
179280.0,0.15245121699719386
179340.0,0.1524185300540161
179400.0,0.15238586871171844
179460.0,0.15235323293897177
179520.0,0.15232062270449798
179580.0,0.1522880379770703
179640.0,0.1522554787255129
179700.0,0.15222294491870095
179760.0,0.15219043652556036
179820.0,0.15215795351506778
179880.0,0.15212549585625065
179940.0,0.15209306351818683
180000.0,0.15206065647000439
180060.0,0.1520282746808821
180120.0,0.15199591812004867
180180.0,0.15196358675678312
180240.0,0.15193128056041422
180300.0,0.15189899950032096
180360.0,0.151866743545932
180420.0,0.15183451266672568
180480.0,0.15180230683222992
180540.0,0.1517701260120223
180600.0,0.15173797017572965
180660.0,0.15170583929302836
180720.0,0.15167373333364376
180780.0,0.15164165226735032
180840.0,0.1516095960639718
180900.0,0.15157756469338052
180960.0,0.15154555812549783
181020.0,0.1515135763302938
181080.0,0.15148161927778703
181140.0,0.15144968693804467
181200.0,0.1514177792811823
181260.0,0.15138589627736398
181320.0,0.1513540378968017
181380.0,0.1513222041097559
181440.0,0.15129039488653478
181500.0,0.15125861019749465
181560.0,0.15122685001303965
181620.0,0.15119511430362167
181680.0,0.15116340303974032
181740.0,0.1511317161919425
181800.0,0.15110005373082291
181860.0,0.15106841562702333
181920.0,0.15103680185123308
181980.0,0.1510052123741885
182040.0,0.15097364716667305
182100.0,0.15094210619951723
182160.0,0.1509105894435983
182220.0,0.15087909686984044
182280.0,0.15084762844921462
182340.0,0.15081618415273818
182400.0,0.15078476395147522
182460.0,0.15075336781653623
182520.0,0.15072199571907782
182580.0,0.15069064763030318
182640.0,0.15065932352146152
182700.0,0.15062802336384795
182760.0,0.15059674712880372
182820.0,0.150565494787716
182880.0,0.15053426631201766
182940.0,0.15050306167318725
183000.0,0.15047188084274904
183060.0,0.15044072379227266
183120.0,0.15040959049337327
183180.0,0.1503784809177114
183240.0,0.15034739503699265
183300.0,0.1503163328229681
183360.0,0.15028529424743353
183420.0,0.15025427928222987
183480.0,0.15022328789924297
183540.0,0.15019232007040353
183600.0,0.15016137576768668
183660.0,0.15013045496311256
183720.0,0.15009955762874555
183780.0,0.1500686837366945
183840.0,0.1500378332591129
183900.0,0.15000700616819815
183915.72,0.1499989333363775
