time_s,max_C_1d,max_C_2d,difference_2d_minus_1d
0.000000000000000000e+00,2.549999999999999822e+00,2.549999999999999822e+00,0.000000000000000000e+00
6.000000000000000000e+02,2.549999999999928768e+00,2.549999999999930100e+00,1.332267629550187849e-15
1.200000000000000000e+03,2.549999726062937011e+00,2.549999726076545681e+00,1.360866974664531881e-11
1.800000000000000000e+03,2.549932896676665006e+00,2.549932896718728692e+00,4.206368586778808094e-11
2.400000000000000000e+03,2.548779357661897116e+00,2.548779356333906954e+00,-1.327990162280912045e-09
3.000000000000000000e+03,2.542680474344901853e+00,2.542680473456206958e+00,-8.886948954511808552e-10
3.600000000000000000e+03,2.525712112202441961e+00,2.525712093250134682e+00,-1.895230727910757196e-08
4.200000000000000000e+03,2.493609619983462977e+00,2.493609469972566828e+00,-1.500108961494106552e-07
4.800000000000000000e+03,2.446076260090066956e+00,2.446075616046949008e+00,-6.440431179477457135e-07
5.400000000000000000e+03,2.386046013853506231e+00,2.386044192050803314e+00,-1.821802702917096894e-06
6.000000000000000000e+03,2.317722322907455279e+00,2.317718468905582974e+00,-3.854001872305445886e-06
6.600000000000000000e+03,2.244995496306531724e+00,2.244988821716552785e+00,-6.674589978938882950e-06
7.200000000000000000e+03,2.170847814287213851e+00,2.170837826631245360e+00,-9.987655968490827263e-06
7.800000000000000000e+03,2.097331448096462658e+00,2.097318052523786225e+00,-1.339557267643343152e-05
8.400000000000000000e+03,2.025738738425651331e+00,2.025722212554779134e+00,-1.652587087219714590e-05
9.000000000000000000e+03,1.956644153162098831e+00,1.956625040568640950e+00,-1.911259345788174357e-05
9.600000000000000000e+03,1.890340179384429886e+00,1.890319181636186174e+00,-2.099774824371181126e-05
1.020000000000000000e+04,1.826867175808990940e+00,1.826845054135392443e+00,-2.212167359849637194e-05
1.080000000000000000e+04,1.766181035233332031e+00,1.766158500621922922e+00,-2.253461140910850702e-05
1.140000000000000000e+04,1.708150217812887117e+00,1.708127859200871068e+00,-2.235861201604905091e-05
1.200000000000000000e+04,1.652680199074441747e+00,1.652658488914801049e+00,-2.171015964069766824e-05
1.260000000000000000e+04,1.599647999537220810e+00,1.599627254905040097e+00,-2.074463218071365134e-05
1.320000000000000000e+04,1.548908007747018534e+00,1.548888421391586334e+00,-1.958635543219955366e-05
1.380000000000000000e+04,1.500269057195993350e+00,1.500250692162141464e+00,-1.836503385188592574e-05
1.440000000000000000e+04,1.453609052795058254e+00,1.453591904428254367e+00,-1.714836680388742707e-05
1.500000000000000000e+04,1.408815176877446396e+00,1.408799170694069680e+00,-1.600618337671555480e-05
1.560000000000000000e+04,1.365802878129704911e+00,1.365787910587689780e+00,-1.496754201513184057e-05
1.620000000000000000e+04,1.324476895945704946e+00,1.324462848092790024e+00,-1.404785291492238741e-05
1.680000000000000000e+04,1.284756048962566677e+00,1.284742804708991049e+00,-1.324425357562830641e-05
1.740000000000000000e+04,1.246566352600149141e+00,1.246553802677832667e+00,-1.254992231647378276e-05
1.800000000000000000e+04,1.209839919998892066e+00,1.209827965814078032e+00,-1.195418481403365263e-05
1.860000000000000000e+04,1.174513979490957594e+00,1.174502534536880471e+00,-1.144495407712220469e-05
1.920000000000000000e+04,1.140530079390238649e+00,1.140519069361813242e+00,-1.101002842540665938e-05
1.980000000000000000e+04,1.107833451143745096e+00,1.107822814023718738e+00,-1.063712002635774923e-05
2.040000000000000000e+04,1.076372501076960475e+00,1.076362185733439336e+00,-1.031534352113894215e-05
2.100000000000000000e+04,1.046098405891709326e+00,1.046088370756145247e+00,-1.003513556407931162e-05
2.160000000000000000e+04,1.016964790677287400e+00,1.016955002333773228e+00,-9.788343514172126447e-06
2.220000000000000000e+04,9.889274716627031170e-01,9.889179035007600316e-01,-9.568161943085407017e-06
2.280000000000000000e+04,9.619442492689305180e-01,9.619348802381912922e-01,-9.369030739225792104e-06
2.340000000000000000e+04,9.359747399773528098e-01,9.359655534977977531e-01,-9.186479555056692448e-06
2.400000000000000000e+04,9.109802380687271883e-01,9.109712211015901229e-01,-9.016967137065456939e-06
2.460000000000000000e+04,8.869236003313245575e-01,8.869147426022423453e-01,-8.857729082212273397e-06
2.520000000000000000e+04,8.637691484681722098e-01,8.637604418301622067e-01,-8.706638010003153738e-06
2.580000000000000000e+04,8.414825852073277712e-01,8.414740231269437487e-01,-8.562080384022507928e-06
2.640000000000000000e+04,8.200309211131838749e-01,8.200224982432386955e-01,-8.422869945179378703e-06
2.700000000000000000e+04,7.993824098293145219e-01,7.993741216283215545e-01,-8.288200992967453828e-06
2.760000000000000000e+04,7.795064897276899885e-01,7.794983323936285347e-01,-8.157334061453802576e-06
2.820000000000000000e+04,7.603737314908174394e-01,7.603657016610568808e-01,-8.029829760558548912e-06
2.880000000000000000e+04,7.419557897124630097e-01,7.419478843210531860e-01,-7.905391409823714355e-06
2.940000000000000000e+04,7.242253582839854875e-01,7.242175744545817917e-01,-7.783829403695818883e-06
3.000000000000000000e+04,7.071561288858636551e-01,7.071484638527957278e-01,-7.665033067927318200e-06
3.060000000000000000e+04,6.907227521449609275e-01,6.907152032020111854e-01,-7.548942949742176722e-06
3.120000000000000000e+04,6.749008010432179239e-01,6.748933656529569891e-01,-7.435390260934759965e-06
3.180000000000000000e+04,6.596667366886643791e-01,6.596594121412312495e-01,-7.324547433129602325e-06
3.240000000000000000e+04,6.449978754562700756e-01,6.449906589769308640e-01,-7.216479339211545607e-06
3.300000000000000000e+04,6.308723580935607922e-01,6.308652469492879167e-01,-7.111144272875513650e-06
3.360000000000000000e+04,6.172691202731939164e-01,6.172621117114589495e-01,-7.008561734966889389e-06
3.420000000000000000e+04,6.041678645296157946e-01,6.041609557951028719e-01,-6.908734512922620752e-06
3.480000000000000000e+04,5.915490334775073133e-01,5.915422218529449161e-01,-6.811624562397256000e-06
3.540000000000000000e+04,5.793937842180526543e-01,5.793870669146935493e-01,-6.717303359105031291e-06
3.600000000000000000e+04,5.676839638503295982e-01,5.676773380489296139e-01,-6.625801399984254658e-06
3.660000000000000000e+04,5.564020860109781808e-01,5.563955489719567549e-01,-6.537039021425883334e-06
3.720000000000000000e+04,5.455313083760824355e-01,5.455248573888134000e-01,-6.450987269035479699e-06
3.780000000000000000e+04,5.350554111104262045e-01,5.350490434507517712e-01,-6.367659674433312489e-06
3.840000000000000000e+04,5.249587759471442405e-01,5.249524889930909932e-01,-6.286954053247306717e-06
3.900000000000000000e+04,5.152263663689486961e-01,5.152201576015997819e-01,-6.208767348914179252e-06
3.960000000000000000e+04,5.058437083201225981e-01,5.058375752388235558e-01,-6.133081299042331125e-06
4.020000000000000000e+04,4.967968716443189048e-01,4.967908117893667930e-01,-6.059854952111809467e-06
4.080000000000000000e+04,4.880724521602691768e-01,4.880664631750252225e-01,-5.988985243954303428e-06
4.140000000000000000e+04,4.796575544696941584e-01,4.796516340512169130e-01,-5.920418477245448230e-06
4.200000000000000000e+04,4.715397751023318040e-01,4.715339210220171884e-01,-5.854080314615650593e-06
4.260000000000000000e+04,4.637071863702624253e-01,4.637013964740739902e-01,-5.789896188435061930e-06
4.320000000000000000e+04,4.561483206787124711e-01,4.561425928881388536e-01,-5.727790573617497216e-06
4.380000000000000000e+04,4.488521553150863208e-01,4.488464876334908316e-01,-5.667681595489248991e-06
4.440000000000000000e+04,4.418080976885436773e-01,4.418024882200964898e-01,-5.609468447187460072e-06
4.500000000000000000e+04,4.350059710109413502e-01,4.350004178827642232e-01,-5.553128177127053533e-06
4.560000000000000000e+04,4.284360003517471149e-01,4.284305017535133264e-01,-5.498598233788509759e-06
4.620000000000000000e+04,4.220887990686690849e-01,4.220833532643636921e-01,-5.445804305392876188e-06
4.680000000000000000e+04,4.159553556982204525e-01,4.159499610260843916e-01,-5.394672136060929546e-06
4.740000000000000000e+04,4.100270211151333388e-01,4.100216759946003209e-01,-5.345120533017944098e-06
4.800000000000000000e+04,4.042954960391635932e-01,4.042901989705219856e-01,-5.297068641607616257e-06
4.860000000000000000e+04,3.987528189289962777e-01,3.987475684678448706e-01,-5.250461151407037619e-06
4.920000000000000000e+04,3.933913541370297473e-01,3.933861488824029196e-01,-5.205254626827748865e-06
4.980000000000000000e+04,3.882037803586996794e-01,3.881986189655005637e-01,-5.161393199115682506e-06
5.040000000000000000e+04,3.831830794176185884e-01,3.831779606021572526e-01,-5.118815461335746164e-06
5.100000000000000000e+04,3.783225253234548946e-01,3.783174478655352835e-01,-5.077457919611116921e-06
5.160000000000000000e+04,3.736156736102246856e-01,3.736106363177576495e-01,-5.037292467036103005e-06
5.220000000000000000e+04,3.690563509512176377e-01,3.690513526757838725e-01,-4.998275433765186904e-06
5.280000000000000000e+04,3.646386450474851104e-01,3.646336846528890896e-01,-4.960394596020822888e-06
5.340000000000000000e+04,3.603568947167263281e-01,3.603519711420117289e-01,-4.923574714599254776e-06
5.400000000000000000e+04,3.562056803541033267e-01,3.562007925880286141e-01,-4.887766074712640574e-06
5.460000000000000000e+04,3.521798145594770002e-01,3.521749616338021305e-01,-4.852925674869723593e-06
5.520000000000000000e+04,3.482743330335877352e-01,3.482695140331010242e-01,-4.819000486711022546e-06
5.580000000000000000e+04,3.444844857757440315e-01,3.444796998029028279e-01,-4.785972841203633976e-06
5.640000000000000000e+04,3.408057284297009715e-01,3.408009746227834702e-01,-4.753806917501268714e-06
5.700000000000000000e+04,3.372337139476831447e-01,3.372289914790441157e-01,-4.722468639029031579e-06
5.760000000000000000e+04,3.337642844775855488e-01,3.337595925589877943e-01,-4.691918597754529685e-06
5.820000000000000000e+04,3.303934634936745440e-01,3.303888013721341665e-01,-4.662121540377484052e-06
5.880000000000000000e+04,3.271174481689775870e-01,3.271128151107479121e-01,-4.633058229674968942e-06
5.940000000000000000e+04,3.239326019886895613e-01,3.239279972892583626e-01,-4.604699431198788773e-06
6.000000000000000000e+04,3.208354476037308944e-01,3.208308705867259913e-01,-4.577017004903094488e-06
6.060000000000000000e+04,3.178226599353795034e-01,3.178181099371715224e-01,-4.549998207981076348e-06
6.120000000000000000e+04,3.148910594705985888e-01,3.148865358555006377e-01,-4.523615097951072528e-06
6.180000000000000000e+04,3.120376058600115021e-01,3.120331080315036920e-01,-4.497828507810108789e-06
6.240000000000000000e+04,3.092593917111898794e-01,3.092549190965517836e-01,-4.472614638095784301e-06
6.300000000000000000e+04,3.065536366127452061e-01,3.065491886675315580e-01,-4.447945213648107909e-06
6.360000000000000000e+04,3.039176814045910224e-01,3.039132576066741476e-01,-4.423797916874860903e-06
6.420000000000000000e+04,3.013489826646338354e-01,3.013445825066592421e-01,-4.400157974593366106e-06
6.480000000000000000e+04,2.988451074017139941e-01,2.988407303965823769e-01,-4.377005131617206501e-06
6.540000000000000000e+04,2.964037279852113071e-01,2.963993736652151822e-01,-4.354319996124900172e-06
6.600000000000000000e+04,2.940226172802377635e-01,2.940182851963173416e-01,-4.332083920421947454e-06
6.660000000000000000e+04,2.916996439903700167e-01,2.916953337136221625e-01,-4.310276747854224766e-06
6.720000000000000000e+04,2.894327682020415016e-01,2.894284793242402065e-01,-4.288877801295054581e-06
6.780000000000000000e+04,2.872200371252565665e-01,2.872157692479322399e-01,-4.267877324326541100e-06
6.840000000000000000e+04,2.850595810248618411e-01,2.850553337651426933e-01,-4.247259719147855606e-06
6.900000000000000000e+04,2.829496093359904485e-01,2.829453823259160394e-01,-4.227010074409065510e-06
6.960000000000000000e+04,2.808884069616786050e-01,2.808841998436851228e-01,-4.207117993482167861e-06
7.020000000000000000e+04,2.788743307296778218e-01,2.788701431609761361e-01,-4.187568701685684402e-06
7.080000000000000000e+04,2.769058060268513866e-01,2.769016376807342250e-01,-4.168346117161547681e-06
7.140000000000000000e+04,2.749813235948164181e-01,2.749771741569352890e-01,-4.149437881129092176e-06
7.200000000000000000e+04,2.730994364703852595e-01,2.730953056381753563e-01,-4.130832209903179120e-06
7.260000000000000000e+04,2.712587570758491218e-01,2.712546445579825383e-01,-4.112517866583509374e-06
7.320000000000000000e+04,2.694579544498159618e-01,2.694538599656770561e-01,-4.094484138905674087e-06
7.380000000000000000e+04,2.676957516125287317e-01,2.676916748916610134e-01,-4.076720867718375274e-06
7.440000000000000000e+04,2.659709230571058458e-01,2.659668638374403926e-01,-4.059219665453195347e-06
7.500000000000000000e+04,2.642822923721611095e-01,2.642782504037798907e-01,-4.041968381218730144e-06
7.560000000000000000e+04,2.626287299734686997e-01,2.626247050137984762e-01,-4.024959670223537955e-06
7.620000000000000000e+04,2.610091509457816983e-01,2.610051427606727703e-01,-4.008185108927975193e-06
7.680000000000000000e+04,2.594225129966795662e-01,2.594185213600014306e-01,-3.991636678135623839e-06
7.740000000000000000e+04,2.578678145094775442e-01,2.578638392027395865e-01,-3.975306737957762238e-06
7.800000000000000000e+04,2.563440926924530627e-01,2.563401335044426244e-01,-3.959188010438374761e-06
7.860000000000000000e+04,2.548504218196560034e-01,2.548464785460945459e-01,-3.943273561457516507e-06
7.920000000000000000e+04,2.533859115587615563e-01,2.533819840019772007e-01,-3.927556784355523689e-06
7.980000000000000000e+04,2.519497053816216470e-01,2.519457933502376457e-01,-3.912031384001313228e-06
8.040000000000000000e+04,2.505409790533480452e-01,2.505370823619864629e-01,-3.896691361582327318e-06
8.100000000000000000e+04,2.491589391959586341e-01,2.491550576649591009e-01,-3.881530999533255866e-06
8.160000000000000000e+04,2.478028219227887963e-01,2.477989553779408050e-01,-3.866544847991315592e-06
8.220000000000000000e+04,2.464718915400541666e-01,2.464680398123429705e-01,-3.851727711196017978e-06
8.280000000000000000e+04,2.451654393121190101e-01,2.451616022375103787e-01,-3.837074608631363404e-06
8.340000000000000000e+04,2.438827822885169805e-01,2.438789597083739769e-01,-3.822580143003628805e-06
8.400000000000000000e+04,2.426232621839221615e-01,2.426194539426813068e-01,-3.808241240854659537e-06
8.460000000000000000e+04,2.413862443165606664e-01,2.413824502636957858e-01,-3.794052864880548270e-06
8.520000000000000000e+04,2.401711165988595076e-01,2.401673365879513633e-01,-3.780010908144282311e-06
8.580000000000000000e+04,2.389772885741545394e-01,2.389735224627037857e-01,-3.766111450753673040e-06
8.640000000000000000e+04,2.378041905008124735e-01,2.378004381500633535e-01,-3.752350749119948148e-06
8.700000000000000000e+04,2.366512724802984635e-01,2.366475337550714431e-01,-3.738725227020456288e-06
8.760000000000000000e+04,2.355180036269135524e-01,2.355142783954467522e-01,-3.725231466800149605e-06
8.820000000000000000e+04,2.344038712770484256e-01,2.344001594108471032e-01,-3.711866201322466807e-06
8.880000000000000000e+04,2.333083802359122438e-01,2.333046816096059628e-01,-3.698626306281038723e-06
8.940000000000000000e+04,2.322310520598041550e-01,2.322273665510116436e-01,-3.685508792511393850e-06
9.000000000000000000e+04,2.311714243720990603e-01,2.311677518612993698e-01,-3.672510799690442695e-06
9.060000000000000000e+04,2.301290502112138814e-01,2.301253905816249279e-01,-3.659629588953494661e-06
9.120000000000000000e+04,2.291034974089177501e-01,2.290998505463805457e-01,-3.646862537204365040e-06
9.180000000000000000e+04,2.280943479974323895e-01,2.280907137903012971e-01,-3.634207131092415111e-06
9.240000000000000000e+04,2.271011976438570557e-01,2.270975759828959828e-01,-3.621660961072858953e-06
9.300000000000000000e+04,2.261236551105278714e-01,2.261200458888113496e-01,-3.609221716521782142e-06
9.360000000000000000e+04,2.251613417399970229e-01,2.251577448528165881e-01,-3.596887180434826803e-06
9.420000000000000000e+04,2.242138909633893673e-01,2.242103063081647973e-01,-3.584655224569965881e-06
9.480000000000000000e+04,2.232809478309588369e-01,2.232773753071533862e-01,-3.572523805450700252e-06
9.540000000000000000e+04,2.223621685637309497e-01,2.223586080727715797e-01,-3.560490959370055108e-06
9.600000000000000000e+04,2.214572201251785444e-01,2.214536715703795677e-01,-3.548554798976644165e-06
9.660000000000000000e+04,2.205657798117911794e-01,2.205622430984235660e-01,-3.536713367613408820e-06
9.720000000000000000e+04,2.196875348615096035e-01,2.196840097401440706e-01,-3.525121365532957185e-06
9.780000000000000000e+04,2.188221820817375096e-01,2.188186684831625595e-01,-3.513598574950149711e-06
9.840000000000000000e+04,2.179694274893291261e-01,2.179659254631218235e-01,-3.502026207302666450e-06
9.900000000000000000e+04,2.171289859693658619e-01,2.171254954262734072e-01,-3.490543092454778673e-06
9.960000000000000000e+04,2.163005809478443786e-01,2.162971018009983704e-01,-3.479146846008251970e-06
1.002000000000000000e+05,2.154839440784490912e-01,2.154804762424304132e-01,-3.467836018677949994e-06
1.008000000000000000e+05,2.146788149427181214e-01,2.146753583335121729e-01,-3.456609205948479868e-06
1.014000000000000000e+05,2.138849407629612454e-01,2.138814952979096740e-01,-3.445465051571394710e-06
1.020000000000000000e+05,2.131020761273165198e-01,2.130986417250709253e-01,-3.434402245594547765e-06
1.026000000000000000e+05,2.123299827263680495e-01,2.123265593068463519e-01,-3.423419521697557144e-06
1.032000000000000000e+05,2.115684291007767504e-01,2.115650165851214737e-01,-3.412515655276671112e-06
1.038000000000000000e+05,2.108171903994031926e-01,2.108137887099417740e-01,-3.401689461418611060e-06
1.044000000000000000e+05,2.100760481474305275e-01,2.100726572076374588e-01,-3.390939793068703523e-06
1.050000000000000000e+05,2.093447900240189008e-01,2.093414097584796185e-01,-3.380265539282278908e-06
1.056000000000000000e+05,2.086232096490487076e-01,2.086198399834254258e-01,-3.369665623281781208e-06
1.062000000000000000e+05,2.079111063785313018e-01,2.079077472395300663e-01,-3.359139001235522670e-06
1.068000000000000000e+05,2.072082851082880095e-01,2.072049364236273061e-01,-3.348684660703371563e-06
1.074000000000000000e+05,2.065145560855177753e-01,2.065112177838991370e-01,-3.338301618638350732e-06
1.080000000000000000e+05,2.058297347278952305e-01,2.058264067389742047e-01,-3.327988921025815117e-06
1.086000000000000000e+05,2.051536414498547900e-01,2.051503237042141825e-01,-3.317745640607494551e-06
1.092000000000000000e+05,2.044861014957393419e-01,2.044827939248629323e-01,-3.307570876409648974e-06
1.098000000000000000e+05,2.038269447795017231e-01,2.038236473157497841e-01,-3.297463751938956023e-06
1.104000000000000000e+05,2.031760057306695455e-01,2.031727183072546961e-01,-3.287423414849444114e-06
1.110000000000000000e+05,2.025331231462916548e-01,2.025298456972563499e-01,-3.277449035304913494e-06
1.116000000000000000e+05,2.018981400486036248e-01,2.018948725087986729e-01,-3.267539804951979932e-06
1.122000000000000000e+05,2.012709035482169728e-01,2.012676458532229873e-01,-3.257694993985538190e-06
1.128000000000000000e+05,2.006512647124372439e-01,2.006480167985287000e-01,-3.247913908543953454e-06
1.134000000000000000e+05,2.000390784384117604e-01,2.000358402427321880e-01,-3.238195679572397623e-06
1.140000000000000000e+05,1.994342033315283091e-01,1.994309747920083586e-01,-3.228539519950501813e-06
1.146000000000000000e+05,1.988365015882648246e-01,1.988332826434325851e-01,-3.218944832239500897e-06
1.152000000000000000e+05,1.982458388828552132e-01,1.982426294723093618e-01,-3.209410545851332230e-06
1.158000000000000000e+05,1.976620842588263927e-01,1.976588843224635905e-01,-3.199936362802136003e-06
1.164000000000000000e+05,1.970851100246160670e-01,1.970819195029150650e-01,-3.190521701001980404e-06
1.170000000000000000e+05,1.965147916520036675e-01,1.965116104863250113e-01,-3.181165678656228124e-06
1.176000000000000000e+05,1.959510076794256928e-01,1.959478358117795749e-01,-3.171867646117876305e-06
1.182000000000000000e+05,1.953936396184108859e-01,1.953904769913508699e-01,-3.162627060016021119e-06
1.188000000000000000e+05,1.948425718631490444e-01,1.948394184197106693e-01,-3.153443438375092001e-06
1.194000000000000000e+05,1.942976916033726520e-01,1.942945472873928714e-01,-3.144315979780598624e-06
1.200000000000000000e+05,1.937588887406528904e-01,1.937557534963894046e-01,-3.135244263485770233e-06
1.206000000000000000e+05,1.932260558074117007e-01,1.932229295797781576e-01,-3.126227633543088302e-06
1.212000000000000000e+05,1.926990878888621139e-01,1.926959706233741521e-01,-3.117265487961873305e-06
1.218000000000000000e+05,1.921778825476933850e-01,1.921747741903590267e-01,-3.108357334358213819e-06
1.224000000000000000e+05,1.916623397513891325e-01,1.916592402487549973e-01,-3.099502634135165025e-06
1.230000000000000000e+05,1.911523618020738446e-01,1.911492711012149626e-01,-3.090700858882078350e-06
1.236000000000000000e+05,1.906478532687857219e-01,1.906447713172957359e-01,-3.081951489986023418e-06
1.242000000000000000e+05,1.901487209220805719e-01,1.901456476680622731e-01,-3.073254018298721135e-06
1.248000000000000000e+05,1.896548736708729976e-01,1.896518090629292497e-01,-3.064607943747965635e-06
1.254000000000000000e+05,1.891662225014291154e-01,1.891631664886537778e-01,-3.056012775337624277e-06
1.260000000000000000e+05,1.886826804184241480e-01,1.886796329503938607e-01,-3.047468030287214802e-06
1.266000000000000000e+05,1.882041623879863734e-01,1.882011234147520917e-01,-3.038973234281705516e-06
1.272000000000000000e+05,1.877305852826494370e-01,1.877275547547283263e-01,-3.030527921110692802e-06
1.278000000000000000e+05,1.872618678264759973e-01,1.872588456965075809e-01,-3.022129968416331636e-06
1.284000000000000000e+05,1.867979304360230797e-01,1.867949167680121592e-01,-3.013668010920511620e-06
1.290000000000000000e+05,1.863386955882986029e-01,1.863356902491512257e-01,-3.005339147377217301e-06
1.296000000000000000e+05,1.858840871687518215e-01,1.858810901237035740e-01,-2.997045048247493071e-06
1.302000000000000000e+05,1.854340308215551014e-01,1.854310420327707210e-01,-2.988788784380469465e-06
1.308000000000000000e+05,1.849884538104543952e-01,1.849854731637988470e-01,-2.980646655548202517e-06
1.314000000000000000e+05,1.845472849759248191e-01,1.845443124668092738e-01,-2.972509115545252101e-06
1.320000000000000000e+05,1.841104546447929202e-01,1.841074902313796502e-01,-2.964413413270028386e-06
1.326000000000000000e+05,1.836778946294703452e-01,1.836749381925351088e-01,-2.956436935236395058e-06
1.332000000000000000e+05,1.832495382528012973e-01,1.832465897930295184e-01,-2.948459771778821903e-06
1.338000000000000000e+05,1.828253201744430845e-01,1.828223796321155614e-01,-2.940542327523054666e-06
1.344000000000000000e+05,1.824051764627133143e-01,1.824022438147957226e-01,-2.932647917591735265e-06
1.350000000000000000e+05,1.819890445215562869e-01,1.819861197172051859e-01,-2.924804351100984690e-06
1.356000000000000000e+05,1.815768630170363496e-01,1.815739460238234015e-01,-2.916993212948026937e-06
1.362000000000000000e+05,1.811685719489355140e-01,1.811656626871115949e-01,-2.909261823919040424e-06
1.368000000000000000e+05,1.807641124686796830e-01,1.807612109365433761e-01,-2.901532136306839149e-06
1.374000000000000000e+05,1.803634270093379954e-01,1.803605331251354471e-01,-2.893884202548324680e-06
1.380000000000000000e+05,1.799664591139899517e-01,1.799635728413651325e-01,-2.886272624819108401e-06
1.386000000000000000e+05,1.795731534865230017e-01,1.795702748188487408e-01,-2.878667674260926290e-06
1.392000000000000000e+05,1.791834559633202761e-01,1.791805848501872578e-01,-2.871113133018354802e-06
1.398000000000000000e+05,1.787973134506997963e-01,1.787944498373338353e-01,-2.863613365960970825e-06
1.404000000000000000e+05,1.784146739131635684e-01,1.784118177717398945e-01,-2.856141423673852486e-06
1.410000000000000000e+05,1.780354863585938974e-01,1.780326376231936292e-01,-2.848735400268198603e-06
1.416000000000000000e+05,1.776597007638409387e-01,1.776568594253591649e-01,-2.841338481773814095e-06
1.422000000000000000e+05,1.772872681431225117e-01,1.772844341231647469e-01,-2.834019957764777331e-06
1.428000000000000000e+05,1.769181403961649635e-01,1.769153136751576427e-01,-2.826721007320731616e-06
1.434000000000000000e+05,1.765522704155776945e-01,1.765494509606624629e-01,-2.819454915231611736e-06
1.440000000000000000e+05,1.761896119848717079e-01,1.761867997510095929e-01,-2.812233862115043337e-06
1.446000000000000000e+05,1.758301197763426638e-01,1.758273147249191648e-01,-2.805051423498960972e-06
1.452000000000000000e+05,1.754737493296794348e-01,1.754709514224535027e-01,-2.797907225932094732e-06
1.458000000000000000e+05,1.751204570138387984e-01,1.751176662302202647e-01,-2.790783618533687616e-06
1.464000000000000000e+05,1.747702000764999875e-01,1.747674163612567833e-01,-2.783715243204198941e-06
1.470000000000000000e+05,1.744229365096135742e-01,1.744201598354218619e-01,-2.776674191712347195e-06
1.476000000000000000e+05,1.740786251406616636e-01,1.740758554603436536e-01,-2.769680318009948294e-06
1.482000000000000000e+05,1.737372255360945528e-01,1.737344628129046942e-01,-2.762723189858595774e-06
1.488000000000000000e+05,1.733986980237094688e-01,1.733959422212467960e-01,-2.755802462672818365e-06
1.494000000000000000e+05,1.730630036556232709e-01,1.730602547427713689e-01,-2.748912851902041155e-06
1.500000000000000000e+05,1.727301042145944487e-01,1.727273621652043178e-01,-2.742049390130896214e-06
1.506000000000000000e+05,1.723999621987768183e-01,1.723972269628728793e-01,-2.735235903938981750e-06
1.512000000000000000e+05,1.720725407574157095e-01,1.720698122983121414e-01,-2.728459103568114941e-06
1.518000000000000000e+05,1.717478037004610547e-01,1.717450819906199688e-01,-2.721709841085884207e-06
1.524000000000000000e+05,1.714257155505028996e-01,1.714230005513397992e-01,-2.714999163100362267e-06
1.530000000000000000e+05,1.711062414157813738e-01,1.711035330814197897e-01,-2.708334361584130434e-06
1.536000000000000000e+05,1.707893470197732466e-01,1.707866453452919764e-01,-2.701674481270233130e-06
1.542000000000000000e+05,1.704749987630856667e-01,1.704723036929921276e-01,-2.695070093539086997e-06
1.548000000000000000e+05,1.701631635692404665e-01,1.701604750701671553e-01,-2.688499073311145793e-06
1.554000000000000000e+05,1.698538089783319938e-01,1.698511270167689380e-01,-2.681961563055779152e-06
1.560000000000000000e+05,1.695469031163170381e-01,1.695442276578714436e-01,-2.675458445594580681e-06
1.566000000000000000e+05,1.692424146140180663e-01,1.692397456448170023e-01,-2.668969201063964292e-06
1.572000000000000000e+05,1.689403127235543922e-01,1.689376501777784811e-01,-2.662545775911073775e-06
1.578000000000000000e+05,1.686405671482076873e-01,1.686379110244071167e-01,-2.656123800570675542e-06
1.584000000000000000e+05,1.683431481940726171e-01,1.683404984318969677e-01,-2.649762175649383877e-06
1.590000000000000000e+05,1.680480265985911936e-01,1.680453831889089089e-01,-2.643409682284714179e-06
1.596000000000000000e+05,1.677551736739250898e-01,1.677525365763277154e-01,-2.637097597374404856e-06
1.602000000000000000e+05,1.674645611558051861e-01,1.674619303337689658e-01,-2.630822036220337168e-06
1.608000000000000000e+05,1.671761612987043011e-01,1.671735367406523287e-01,-2.624558051972369910e-06
1.614000000000000000e+05,1.668899468353935434e-01,1.668873284776186683e-01,-2.618357774875068600e-06
1.620000000000000000e+05,1.666058909001761623e-01,1.666032787412930760e-01,-2.612158883086301842e-06
1.626000000000000000e+05,1.663239671327245983e-01,1.663213611254618918e-01,-2.606007262706544481e-06
1.632000000000000000e+05,1.660441496011935969e-01,1.660415497189478007e-01,-2.599882245796214519e-06
1.638000000000000000e+05,1.657664127669640775e-01,1.657638189782033311e-01,-2.593788760746340571e-06
1.644000000000000000e+05,1.654907315543999446e-01,1.654881438444895103e-01,-2.587709910434332627e-06
1.650000000000000000e+05,1.652170813017064532e-01,1.652144996085042061e-01,-2.581693202247103969e-06
1.656000000000000000e+05,1.649454377019276829e-01,1.649428620279786428e-01,-2.575673949040124810e-06
1.662000000000000000e+05,1.646757768929134336e-01,1.646732071933314223e-01,-2.569699582011253369e-06
1.668000000000000000e+05,1.644080753833954966e-01,1.644055116292933993e-01,-2.563754102097304255e-06
1.674000000000000000e+05,1.641423100769524301e-01,1.641397522382960217e-01,-2.557838656408462086e-06
1.680000000000000000e+05,1.638784582030737014e-01,1.638759062517378129e-01,-2.551951335888480443e-06
1.686000000000000000e+05,1.636164974070558331e-01,1.636139513151761982e-01,-2.546091879634948540e-06
1.692000000000000000e+05,1.633564056687648314e-01,1.633538654066118423e-01,-2.540262152989081201e-06
1.698000000000000000e+05,1.630981613063126889e-01,1.630956268464703873e-01,-2.534459842301606258e-06
1.704000000000000000e+05,1.628417430030646984e-01,1.628392143200895481e-01,-2.528682975150298162e-06
1.710000000000000000e+05,1.625871297690752726e-01,1.625846068441491044e-01,-2.522924926168235160e-06
1.716000000000000000e+05,1.623343009437311635e-01,1.623317837378355777e-01,-2.517205895585794551e-06
1.722000000000000000e+05,1.620832361892495521e-01,1.620807246750498587e-01,-2.511514199693420935e-06
1.728000000000000000e+05,1.618339154843301264e-01,1.618314096370098987e-01,-2.505847320227738706e-06
1.734000000000000000e+05,1.615863191260732967e-01,1.615838189189288954e-01,-2.500207144401356274e-06
1.740000000000000000e+05,1.613404276961843686e-01,1.613379330950539536e-01,-2.494601130414997314e-06
1.746000000000000000e+05,1.610962220847769188e-01,1.610937330679002022e-01,-2.489016876716654281e-06
1.752000000000000000e+05,1.608536834807552385e-01,1.608512000217375837e-01,-2.483459017654787715e-06
1.758000000000000000e+05,1.606127933551138309e-01,1.606103154327697957e-01,-2.477922344035210500e-06
1.764000000000000000e+05,1.603735334602478801e-01,1.603710610505603429e-01,-2.472409687537258094e-06
1.770000000000000000e+05,1.601358858245716665e-01,1.601334188945610360e-01,-2.466930010630585812e-06
1.776000000000000000e+05,1.598998327472608560e-01,1.598973712712550843e-01,-2.461476005771734421e-06
1.782000000000000000e+05,1.596653567931144990e-01,1.596629007456180915e-01,-2.456047496407487429e-06
1.788000000000000000e+05,1.594324407875346017e-01,1.594299901432267019e-01,-2.450644307899763064e-06
1.794000000000000000e+05,1.592010678116191902e-01,1.591986225453524417e-01,-2.445266266748458150e-06
1.800000000000000000e+05,1.589712211973666467e-01,1.589687812841652503e-01,-2.439913201396359810e-06
1.806000000000000000e+05,1.587428845229878205e-01,1.587404499384293954e-01,-2.434584558425045842e-06
1.812000000000000000e+05,1.585160416083236379e-01,1.585136123376940376e-01,-2.429270629600299714e-06
1.818000000000000000e+05,1.582906765103647972e-01,1.582882525188123168e-01,-2.423991552480408984e-06
1.824000000000000000e+05,1.580667735188713563e-01,1.580643547820936579e-01,-2.418736777698438090e-06
1.830000000000000000e+05,1.578443171520896027e-01,1.578419036459480784e-01,-2.413506141524246473e-06
1.836000000000000000e+05,1.576232921525637376e-01,1.576208838530826217e-01,-2.408299481115871998e-06
1.842000000000000000e+05,1.574036834830393472e-01,1.574012803664043281e-01,-2.403116635019131309e-06
1.848000000000000000e+05,1.571854763224572182e-01,1.571830783650140784e-01,-2.397957443139864253e-06
1.854000000000000000e+05,1.569686560620343341e-01,1.569662632402875624e-01,-2.392821746771689462e-06
1.860000000000000000e+05,1.567532083122867848e-01,1.567508205920420672e-01,-2.387720244717561613e-06
1.866000000000000000e+05,1.565391188790372090e-01,1.565367362247863658e-01,-2.382654250843163624e-06
1.872000000000000000e+05,1.563263737548543086e-01,1.563239961440511805e-01,-2.377610803128149541e-06
1.878000000000000000e+05,1.561149591425544936e-01,1.561125865527994983e-01,-2.372589754995324540e-06
1.884000000000000000e+05,1.559048614388776066e-01,1.559024938479133537e-01,-2.367590964252874741e-06
1.890000000000000000e+05,1.556960672310465088e-01,1.556937046167561067e-01,-2.362614290402076378e-06
1.896000000000000000e+05,1.554885632934013551e-01,1.554862056338076060e-01,-2.357659593749117377e-06
1.902000000000000000e+05,1.552823365841070336e-01,1.552799838573709901e-01,-2.352726736043475597e-06
1.908000000000000000e+05,1.550773742419292445e-01,1.550750264263496270e-01,-2.347815579617495985e-06
1.914000000000000000e+05,1.548736635830793018e-01,1.548713206570912215e-01,-2.342925988080279964e-06
1.920000000000000000e+05,1.546711920981246324e-01,1.546688540402985923e-01,-2.338057826040129683e-06
1.926000000000000000e+05,1.544699474489643343e-01,1.544676142380054518e-01,-2.333210958882503405e-06
1.932000000000000000e+05,1.542699174658678229e-01,1.542675890806144146e-01,-2.328385253408393751e-06
1.938000000000000000e+05,1.540710901445747072e-01,1.540687665642781201e-01,-2.323580296587079985e-06
1.944000000000000000e+05,1.538734536434551992e-01,1.538711348655689704e-01,-2.318777886228806651e-06
1.950000000000000000e+05,1.536769962807287560e-01,1.536746822848894245e-01,-2.313995839331450810e-06
1.956000000000000000e+05,1.534817065317400642e-01,1.534793972969311082e-01,-2.309234808955951124e-06
1.962000000000000000e+05,1.532875730262910074e-01,1.532852685316320462e-01,-2.304494658961209197e-06
1.968000000000000000e+05,1.530945845460270349e-01,1.530922847707728573e-01,-2.299775254177571782e-06
1.974000000000000000e+05,1.529027300218765151e-01,1.529004349454160805e-01,-2.295076460434586352e-06
1.980000000000000000e+05,1.527119985315425199e-01,1.527097081333975981e-01,-2.290398144921823587e-06
1.986000000000000000e+05,1.525223792970448189e-01,1.525200935568691296e-01,-2.285740175689277009e-06
1.992000000000000000e+05,1.523338616823118608e-01,1.523315805798898526e-01,-2.281102422008185471e-06
1.998000000000000000e+05,1.521464351908206336e-01,1.521441587060663736e-01,-2.276484754260010845e-06
2.004000000000000000e+05,1.519600894632841537e-01,1.519578175762403838e-01,-2.271887043769904579e-06
2.010000000000000000e+05,1.517748142753848617e-01,1.517725469662219440e-01,-2.267309162917729992e-06
2.016000000000000000e+05,1.515905995355533442e-01,1.515883367845679841e-01,-2.262750985360106881e-06
2.022000000000000000e+05,1.514074352827905756e-01,1.514051770704049060e-01,-2.258212385669589040e-06
2.028000000000000000e+05,1.512253116845335144e-01,1.512230579912942907e-01,-2.253693239223641953e-06
2.034000000000000000e+05,1.510442190345627489e-01,1.510419698411399614e-01,-2.249193422787509888e-06
2.040000000000000000e+05,1.508641477509510553e-01,1.508619030381369575e-01,-2.244712814097882259e-06
2.046000000000000000e+05,1.506850883740518676e-01,1.506828481227604488e-01,-2.240251291418804414e-06
2.052000000000000000e+05,1.505070315645273549e-01,1.505047957557927030e-01,-2.235808734651900664e-06
2.058000000000000000e+05,1.503299681014144684e-01,1.503277367163901312e-01,-2.231385024337173562e-06
2.064000000000000000e+05,1.501538888802284588e-01,1.501516619001865005e-01,-2.226980041958315226e-06
